"Time","LiqFrac_H","LiqFrac_MET","LiqFrac_STY","LiqFrac_TOL","LiqFrac_WAT","vapFrac_H","vapFrac_MET","vapFrac_STY","vapFrac_TOL","vapFrac_WAT","P_bar","T_c","T_dec"
"0","0.000818795","0.00966125","0.33054","0.0431485","0.0351838","0.285714","0.0714286","0.285714","0.0714286","0.285714","4.05","200.619","43.6974"
"0.01","0.00082478","0.00966275","0.330546","0.0431492","0.0351876","0.285714","0.0714286","0.285714","0.0714286","0.285714","4.05","200.619","43.6903"
"0.02","0.00082478","0.00966275","0.330546","0.0431492","0.0351876","0.285714","0.0714286","0.285714","0.0714286","0.285714","4.05","200.618","43.6823"
"0.03","0.00082478","0.00966275","0.330546","0.0431492","0.0351876","0.285714","0.0714286","0.285714","0.0714286","0.285714","4.05","200.618","43.6743"
"0.04","0.00082478","0.00966275","0.330546","0.0431492","0.0351876","0.285714","0.0714286","0.285714","0.0714286","0.285714","4.05","200.618","43.6663"
"0.05","0.00082478","0.00966275","0.330546","0.0431492","0.0351876","0.285714","0.0714286","0.285714","0.0714286","0.285714","4.05","200.618","43.6583"
"0.06","0.00082478","0.00966275","0.330546","0.0431492","0.0351876","0.285714","0.0714286","0.285714","0.0714286","0.285714","4.05","200.618","43.6503"
"0.07","0.00082478","0.00966275","0.330546","0.0431492","0.0351876","0.285714","0.0714286","0.285714","0.0714286","0.285714","4.05","200.618","43.6423"
"0.08","0.00082478","0.00966275","0.330546","0.0431492","0.0351876","0.285714","0.0714286","0.285714","0.0714286","0.285714","4.05","200.618","43.6344"
"0.09","0.00082478","0.00966275","0.330546","0.0431492","0.0351876","0.285714","0.0714286","0.285714","0.0714286","0.285714","4.05","200.618","43.6265"
"0.1","0.00082478","0.00966275","0.330546","0.0431492","0.0351876","0.285714","0.0714286","0.285714","0.0714286","0.285714","4.05","200.618","43.6186"
"0.11","0.00082478","0.00966275","0.330546","0.0431492","0.0351876","0.285714","0.0714286","0.285714","0.0714286","0.285714","4.05","200.618","43.6106"
"0.12","0.00082478","0.00966275","0.330546","0.0431492","0.0351876","0.285714","0.0714286","0.285714","0.0714286","0.285714","4.05","200.618","43.6027"
"0.13","0.00082478","0.00966275","0.330546","0.0431492","0.0351876","0.285714","0.0714286","0.285714","0.0714286","0.285714","4.05","200.618","43.5948"
"0.14","0.00082478","0.00966275","0.330546","0.0431492","0.0351876","0.285714","0.0714286","0.285714","0.0714286","0.285714","4.05","200.618","43.5869"
"0.15","0.00082478","0.00966275","0.330546","0.0431492","0.0351876","0.285714","0.0714286","0.285714","0.0714286","0.285714","4.05","200.618","43.5789"
"0.16","0.00082478","0.00966275","0.330546","0.0431492","0.0351876","0.285714","0.0714286","0.285714","0.0714286","0.285714","4.05","200.618","43.571"
"0.17","0.00082478","0.00966275","0.330546","0.0431492","0.0351876","0.285714","0.0714286","0.285714","0.0714286","0.285714","4.05","200.618","43.5626"
"0.18","0.00082478","0.00966275","0.330546","0.0431492","0.0351876","0.285714","0.0714286","0.285714","0.0714286","0.285714","4.05","200.618","43.5542"
"0.19","0.00082478","0.00966275","0.330546","0.0431492","0.0351876","0.285714","0.0714286","0.285714","0.0714286","0.285714","4.05","200.618","43.5458"
"0.2","0.00082478","0.00966275","0.330546","0.0431492","0.0351876","0.285714","0.0714286","0.285714","0.0714286","0.285714","4.05","200.618","43.5374"
"0.21","0.00082478","0.00966275","0.330546","0.0431492","0.0351876","0.285714","0.0714286","0.285714","0.0714286","0.285714","4.05","200.618","43.529"
"0.22","0.00082478","0.00966275","0.330546","0.0431492","0.0351876","0.285714","0.0714286","0.285714","0.0714286","0.285714","4.05","200.618","43.5205"
"0.23","0.00082478","0.00966275","0.330546","0.0431492","0.0351876","0.285714","0.0714286","0.285714","0.0714286","0.285714","4.05","200.618","43.5121"
"0.24","0.00082478","0.00966275","0.330546","0.0431492","0.0351876","0.285714","0.0714286","0.285714","0.0714286","0.285714","4.05","200.618","43.5037"
"0.25","0.00082478","0.00966275","0.330546","0.0431492","0.0351876","0.285714","0.0714286","0.285714","0.0714286","0.285714","4.05","200.618","43.4952"
"0.26","0.00082478","0.00966275","0.330546","0.0431492","0.0351876","0.285714","0.0714286","0.285714","0.0714286","0.285714","4.05","200.618","43.4868"
"0.27","0.00082478","0.00966275","0.330546","0.0431492","0.0351876","0.285714","0.0714286","0.285714","0.0714286","0.285714","4.05","200.618","43.4784"
"0.28","0.00082478","0.00966275","0.330546","0.0431492","0.0351876","0.285714","0.0714286","0.285714","0.0714286","0.285714","4.05","200.618","43.47"
"0.29","0.00082478","0.00966275","0.330546","0.0431492","0.0351876","0.285714","0.0714286","0.285714","0.0714286","0.285714","4.05","200.618","43.4615"
"0.3","0.00082478","0.00966275","0.330546","0.0431492","0.0351876","0.285714","0.0714286","0.285714","0.0714286","0.285714","4.05","200.618","43.4531"
"0.31","0.00082478","0.00966275","0.330546","0.0431492","0.0351876","0.285714","0.0714286","0.285714","0.0714286","0.285714","4.05","200.618","43.4447"
"0.32","0.00082478","0.00966275","0.330546","0.0431492","0.0351876","0.285714","0.0714286","0.285714","0.0714286","0.285714","4.05","200.618","43.4362"
"0.33","0.00082478","0.00966275","0.330546","0.0431492","0.0351876","0.285714","0.0714286","0.285714","0.0714286","0.285714","4.05","200.618","43.4278"
"0.34","0.00082478","0.00966275","0.330546","0.0431492","0.0351876","0.285714","0.0714286","0.285714","0.0714286","0.285714","4.05","200.618","43.4194"
"0.35","0.00082478","0.00966275","0.330546","0.0431492","0.0351876","0.285714","0.0714286","0.285714","0.0714286","0.285714","4.05","200.618","43.4109"
"0.36","0.00082478","0.00966275","0.330546","0.0431492","0.0351876","0.285714","0.0714286","0.285714","0.0714286","0.285714","4.05","200.618","43.4025"
"0.37","0.00082478","0.00966275","0.330546","0.0431492","0.0351876","0.285714","0.0714286","0.285714","0.0714286","0.285714","4.05","200.618","43.3941"
"0.38","0.00082478","0.00966275","0.330546","0.0431492","0.0351876","0.285714","0.0714286","0.285714","0.0714286","0.285714","4.05","200.618","43.3859"
"0.39","0.00082478","0.00966275","0.330546","0.0431492","0.0351876","0.285714","0.0714286","0.285714","0.0714286","0.285714","4.05","200.618","43.3777"
"0.4","0.00082478","0.00966275","0.330546","0.0431492","0.0351876","0.285714","0.0714286","0.285714","0.0714286","0.285714","4.05","200.618","43.3696"
"0.41","0.00082478","0.00966275","0.330546","0.0431492","0.0351876","0.285714","0.0714286","0.285714","0.0714286","0.285714","4.05","200.618","43.3614"
"0.42","0.00082478","0.00966275","0.330546","0.0431492","0.0351876","0.285714","0.0714286","0.285714","0.0714286","0.285714","4.05","200.618","43.3532"
"0.43","0.00082478","0.00966275","0.330546","0.0431492","0.0351876","0.285714","0.0714286","0.285714","0.0714286","0.285714","4.05","200.618","43.3451"
"0.44","0.00082478","0.00966275","0.330546","0.0431492","0.0351876","0.285714","0.0714286","0.285714","0.0714286","0.285714","4.05","200.618","43.3369"
"0.45","0.00082478","0.00966275","0.330546","0.0431492","0.0351876","0.285714","0.0714286","0.285714","0.0714286","0.285714","4.05","200.618","43.3287"
"0.46","0.00082478","0.00966275","0.330546","0.0431492","0.0351876","0.285714","0.0714286","0.285714","0.0714286","0.285714","4.05","200.618","43.3207"
"0.47","0.00082478","0.00966275","0.330546","0.0431492","0.0351876","0.285714","0.0714286","0.285714","0.0714286","0.285714","4.05","200.618","43.3127"
"0.48","0.00082478","0.00966275","0.330546","0.0431492","0.0351876","0.285714","0.0714286","0.285714","0.0714286","0.285714","4.05","200.618","43.3047"
"0.49","0.00082478","0.00966275","0.330546","0.0431492","0.0351876","0.285714","0.0714286","0.285714","0.0714286","0.285714","4.05","200.618","43.2967"
"0.5","0.00082478","0.00966275","0.330546","0.0431492","0.0351876","0.285714","0.0714286","0.285714","0.0714286","0.285714","4.05","200.618","43.2887"
"0.51","0.00082478","0.00966275","0.330546","0.0431492","0.0351876","0.285714","0.0714286","0.285714","0.0714286","0.285714","4.05","200.618","43.2808"
"0.52","0.00082478","0.00966275","0.330546","0.0431492","0.0351876","0.285714","0.0714286","0.285714","0.0714286","0.285714","4.05","200.618","43.2729"
"0.53","0.00082478","0.00966275","0.330546","0.0431492","0.0351876","0.285714","0.0714286","0.285714","0.0714286","0.285714","4.05","200.618","43.265"
"0.54","0.00082478","0.00966275","0.330546","0.0431492","0.0351876","0.285714","0.0714286","0.285714","0.0714286","0.285714","4.05","200.618","43.2571"
"0.55","0.00082478","0.00966275","0.330546","0.0431492","0.0351876","0.285714","0.0714286","0.285714","0.0714286","0.285714","4.05","200.618","43.2492"
"0.56","0.00082478","0.00966275","0.330546","0.0431492","0.0351876","0.285714","0.0714286","0.285714","0.0714286","0.285714","4.05","200.618","43.2414"
"0.57","0.00082478","0.00966275","0.330546","0.0431492","0.0351876","0.285714","0.0714286","0.285714","0.0714286","0.285714","4.05","200.618","43.2336"
"0.58","0.00082478","0.00966275","0.330546","0.0431492","0.0351876","0.285714","0.0714286","0.285714","0.0714286","0.285714","4.05","200.618","43.2258"
"0.59","0.00082478","0.00966275","0.330546","0.0431492","0.0351876","0.285714","0.0714286","0.285714","0.0714286","0.285714","4.05","200.618","43.218"
"0.6","0.00082478","0.00966275","0.330546","0.0431492","0.0351876","0.285714","0.0714286","0.285714","0.0714286","0.285714","4.05","200.618","43.2103"
"0.61","0.00082478","0.00966275","0.330546","0.0431492","0.0351876","0.285714","0.0714286","0.285714","0.0714286","0.285714","4.05","200.618","43.2026"
"0.62","0.00082478","0.00966275","0.330546","0.0431492","0.0351876","0.285714","0.0714286","0.285714","0.0714286","0.285714","4.05","200.618","43.1949"
"0.63","0.00082478","0.00966275","0.330546","0.0431492","0.0351876","0.285714","0.0714286","0.285714","0.0714286","0.285714","4.05","200.618","43.1872"
"0.64","0.00082478","0.00966275","0.330546","0.0431492","0.0351876","0.285714","0.0714286","0.285714","0.0714286","0.285714","4.05","200.618","43.1796"
"0.65","0.00082478","0.00966275","0.330546","0.0431492","0.0351876","0.285714","0.0714286","0.285714","0.0714286","0.285714","4.05","200.618","43.1719"
"0.66","0.00082478","0.00966275","0.330546","0.0431492","0.0351876","0.285714","0.0714286","0.285714","0.0714286","0.285714","4.05","200.618","43.1643"
"0.67","0.00082478","0.00966275","0.330546","0.0431492","0.0351876","0.285714","0.0714286","0.285714","0.0714286","0.285714","4.05","200.618","43.1568"
"0.68","0.00082478","0.00966275","0.330546","0.0431492","0.0351876","0.285714","0.0714286","0.285714","0.0714286","0.285714","4.05","200.618","43.1492"
"0.69","0.00082478","0.00966275","0.330546","0.0431492","0.0351876","0.285714","0.0714286","0.285714","0.0714286","0.285714","4.05","200.618","43.1417"
"0.7","0.00082478","0.00966275","0.330546","0.0431492","0.0351876","0.285714","0.0714286","0.285714","0.0714286","0.285714","4.05","200.618","43.1341"
"0.71","0.00082478","0.00966275","0.330546","0.0431492","0.0351876","0.285714","0.0714286","0.285714","0.0714286","0.285714","4.05","200.618","43.1266"
"0.72","0.00082478","0.00966275","0.330546","0.0431492","0.0351876","0.285714","0.0714286","0.285714","0.0714286","0.285714","4.05","200.618","43.1192"
"0.73","0.00082478","0.00966275","0.330546","0.0431492","0.0351876","0.285714","0.0714286","0.285714","0.0714286","0.285714","4.05","200.618","43.1117"
"0.74","0.00082478","0.00966275","0.330546","0.0431492","0.0351876","0.285714","0.0714286","0.285714","0.0714286","0.285714","4.05","200.618","43.1043"
"0.75","0.00082478","0.00966275","0.330546","0.0431492","0.0351876","0.285714","0.0714286","0.285714","0.0714286","0.285714","4.05","200.618","43.0968"
"0.76","0.00082478","0.00966275","0.330546","0.0431492","0.0351876","0.285714","0.0714286","0.285714","0.0714286","0.285714","4.05","200.618","43.0895"
"0.77","0.00082478","0.00966275","0.330546","0.0431492","0.0351876","0.285714","0.0714286","0.285714","0.0714286","0.285714","4.05","200.618","43.0821"
"0.78","0.00082478","0.00966275","0.330546","0.0431492","0.0351876","0.285714","0.0714286","0.285714","0.0714286","0.285714","4.05","200.618","43.0748"
"0.79","0.00082478","0.00966275","0.330546","0.0431492","0.0351876","0.285714","0.0714286","0.285714","0.0714286","0.285714","4.05","200.618","43.0674"
"0.8","0.00082478","0.00966275","0.330546","0.0431492","0.0351876","0.285714","0.0714286","0.285714","0.0714286","0.285714","4.05","200.618","43.0601"
"0.81","0.00082478","0.00966275","0.330546","0.0431492","0.0351876","0.285714","0.0714286","0.285714","0.0714286","0.285714","4.05","200.618","43.0528"
"0.82","0.00082478","0.00966275","0.330546","0.0431492","0.0351876","0.285714","0.0714286","0.285714","0.0714286","0.285714","4.05","200.618","43.0456"
"0.83","0.00082478","0.00966275","0.330546","0.0431492","0.0351876","0.285714","0.0714286","0.285714","0.0714286","0.285714","4.05","200.618","43.0383"
"0.84","0.00082478","0.00966275","0.330546","0.0431492","0.0351876","0.285714","0.0714286","0.285714","0.0714286","0.285714","4.05","200.618","43.0311"
"0.85","0.00082478","0.00966275","0.330546","0.0431492","0.0351876","0.285714","0.0714286","0.285714","0.0714286","0.285714","4.05","200.618","43.0239"
"0.86","0.00082478","0.00966275","0.330546","0.0431492","0.0351876","0.285714","0.0714286","0.285714","0.0714286","0.285714","4.05","200.618","43.0167"
"0.87","0.00082478","0.00966275","0.330546","0.0431492","0.0351876","0.285714","0.0714286","0.285714","0.0714286","0.285714","4.05","200.618","43.0096"
"0.88","0.00082478","0.00966275","0.330546","0.0431492","0.0351876","0.285714","0.0714286","0.285714","0.0714286","0.285714","4.05","200.618","43.0024"
"0.89","0.00082478","0.00966275","0.330546","0.0431492","0.0351876","0.285714","0.0714286","0.285714","0.0714286","0.285714","4.05","200.618","42.9953"
"0.9","0.00082478","0.00966275","0.330546","0.0431492","0.0351876","0.285714","0.0714286","0.285714","0.0714286","0.285714","4.05","200.618","42.9881"
"0.91","0.00082478","0.00966275","0.330546","0.0431492","0.0351876","0.285714","0.0714286","0.285714","0.0714286","0.285714","4.05","200.618","42.9811"
"0.92","0.00082478","0.00966275","0.330546","0.0431492","0.0351876","0.285714","0.0714286","0.285714","0.0714286","0.285714","4.05","200.618","42.974"
"0.93","0.00082478","0.00966275","0.330546","0.0431492","0.0351876","0.285714","0.0714286","0.285714","0.0714286","0.285714","4.05","200.618","42.967"
"0.94","0.00082478","0.00966275","0.330546","0.0431492","0.0351876","0.285714","0.0714286","0.285714","0.0714286","0.285714","4.05","200.618","42.9599"
"0.95","0.00082478","0.00966275","0.330546","0.0431492","0.0351876","0.285714","0.0714286","0.285714","0.0714286","0.285714","4.05","200.618","42.9529"
"0.96","0.00082478","0.00966275","0.330546","0.0431492","0.0351876","0.285714","0.0714286","0.285714","0.0714286","0.285714","4.05","200.618","42.946"
"0.97","0.00082478","0.00966275","0.330546","0.0431492","0.0351876","0.285714","0.0714286","0.285714","0.0714286","0.285714","4.05","200.618","42.939"
"0.98","0.00082478","0.00966275","0.330546","0.0431492","0.0351876","0.285714","0.0714286","0.285714","0.0714286","0.285714","4.05","200.618","42.9321"
"0.99","0.00082478","0.00966275","0.330546","0.0431492","0.0351876","0.285714","0.0714286","0.285714","0.0714286","0.285714","4.05","200.618","42.9251"
"1","0.00082478","0.00966275","0.330546","0.0431492","0.0351876","0.285714","0.0714286","0.285714","0.0714286","0.285714","4.05","200.618","42.9182"
"1.01","0.00082478","0.00966275","0.330546","0.0431492","0.0351876","0.285714","0.0714286","0.285714","0.0714286","0.285714","4.05","200.618","42.9113"
"1.02","0.00082478","0.00966275","0.330546","0.0431492","0.0351876","0.285714","0.0714286","0.285714","0.0714286","0.285714","4.05","200.618","42.9044"
"1.03","0.00082478","0.00966275","0.330546","0.0431492","0.0351876","0.285714","0.0714286","0.285714","0.0714286","0.285714","4.05","200.618","42.8976"
"1.04","0.00082478","0.00966275","0.330546","0.0431492","0.0351876","0.285714","0.0714286","0.285714","0.0714286","0.285714","4.05","200.618","42.8907"
"1.05","0.00082478","0.00966275","0.330546","0.0431492","0.0351876","0.285714","0.0714286","0.285714","0.0714286","0.285714","4.05","200.618","42.8839"
"1.06","0.00082478","0.00966275","0.330546","0.0431492","0.0351876","0.285714","0.0714286","0.285714","0.0714286","0.285714","4.05","200.618","42.8771"
"1.07","0.00082478","0.00966275","0.330546","0.0431492","0.0351876","0.285714","0.0714286","0.285714","0.0714286","0.285714","4.05","200.618","42.8704"
"1.08","0.00082478","0.00966275","0.330546","0.0431492","0.0351876","0.285714","0.0714286","0.285714","0.0714286","0.285714","4.05","200.618","42.8636"
"1.09","0.00082478","0.00966275","0.330546","0.0431492","0.0351876","0.285714","0.0714286","0.285714","0.0714286","0.285714","4.05","200.618","42.8568"
"1.1","0.00082478","0.00966275","0.330546","0.0431492","0.0351876","0.285714","0.0714286","0.285714","0.0714286","0.285714","4.05","200.618","42.8501"
"1.11","0.00082478","0.00966275","0.330546","0.0431492","0.0351876","0.285714","0.0714286","0.285714","0.0714286","0.285714","4.05","200.618","42.8433"
"1.12","0.00082478","0.00966275","0.330546","0.0431492","0.0351876","0.285714","0.0714286","0.285714","0.0714286","0.285714","4.05","200.618","42.8367"
"1.13","0.00082478","0.00966275","0.330546","0.0431492","0.0351876","0.285714","0.0714286","0.285714","0.0714286","0.285714","4.05","200.618","42.8301"
"1.14","0.00082478","0.00966275","0.330546","0.0431492","0.0351876","0.285714","0.0714286","0.285714","0.0714286","0.285714","4.05","200.618","42.8234"
"1.15","0.00082478","0.00966275","0.330546","0.0431492","0.0351876","0.285714","0.0714286","0.285714","0.0714286","0.285714","4.05","200.618","42.8168"
"1.16","0.00082478","0.00966275","0.330546","0.0431492","0.0351876","0.285714","0.0714286","0.285714","0.0714286","0.285714","4.05","200.618","42.8102"
"1.17","0.00082478","0.00966275","0.330546","0.0431492","0.0351876","0.285714","0.0714286","0.285714","0.0714286","0.285714","4.05","200.618","42.8035"
"1.18","0.00082478","0.00966275","0.330546","0.0431492","0.0351876","0.285714","0.0714286","0.285714","0.0714286","0.285714","4.05","200.618","42.7969"
"1.19","0.00082478","0.00966275","0.330546","0.0431492","0.0351876","0.285714","0.0714286","0.285714","0.0714286","0.285714","4.05","200.618","42.7904"
"1.2","0.00082478","0.00966275","0.330546","0.0431492","0.0351876","0.285714","0.0714286","0.285714","0.0714286","0.285714","4.05","200.618","42.7839"
"1.21","0.00082478","0.00966275","0.330546","0.0431492","0.0351876","0.285714","0.0714286","0.285714","0.0714286","0.285714","4.05","200.618","42.7774"
"1.22","0.00082478","0.00966275","0.330546","0.0431492","0.0351876","0.285714","0.0714286","0.285714","0.0714286","0.285714","4.05","200.618","42.7709"
"1.23","0.00082478","0.00966275","0.330546","0.0431492","0.0351876","0.285714","0.0714286","0.285714","0.0714286","0.285714","4.05","200.618","42.7644"
"1.24","0.00082478","0.00966275","0.330546","0.0431492","0.0351876","0.285714","0.0714286","0.285714","0.0714286","0.285714","4.05","200.618","42.7578"
"1.25","0.00082478","0.00966275","0.330546","0.0431492","0.0351876","0.285714","0.0714286","0.285714","0.0714286","0.285714","4.05","200.618","42.7513"
"1.26","0.00082478","0.00966275","0.330546","0.0431492","0.0351876","0.285714","0.0714286","0.285714","0.0714286","0.285714","4.05","200.618","42.7448"
"1.27","0.00082478","0.00966275","0.330546","0.0431492","0.0351876","0.285714","0.0714286","0.285714","0.0714286","0.285714","4.05","200.618","42.7385"
"1.28","0.00082478","0.00966275","0.330546","0.0431492","0.0351876","0.285714","0.0714286","0.285714","0.0714286","0.285714","4.05","200.618","42.7321"
"1.29","0.00082478","0.00966275","0.330546","0.0431492","0.0351876","0.285714","0.0714286","0.285714","0.0714286","0.285714","4.05","200.618","42.7257"
"1.3","0.00082478","0.00966275","0.330546","0.0431492","0.0351876","0.285714","0.0714286","0.285714","0.0714286","0.285714","4.05","200.618","42.7193"
"1.31","0.00082478","0.00966275","0.330546","0.0431492","0.0351876","0.285714","0.0714286","0.285714","0.0714286","0.285714","4.05","200.618","42.713"
"1.32","0.00082478","0.00966275","0.330546","0.0431492","0.0351876","0.285714","0.0714286","0.285714","0.0714286","0.285714","4.05","200.618","42.7066"
"1.33","0.00082478","0.00966275","0.330546","0.0431492","0.0351876","0.285714","0.0714286","0.285714","0.0714286","0.285714","4.05","200.618","42.7002"
"1.34","0.00082478","0.00966275","0.330546","0.0431492","0.0351876","0.285714","0.0714286","0.285714","0.0714286","0.285714","4.05","200.618","42.694"
"1.35","0.00082478","0.00966275","0.330546","0.0431492","0.0351876","0.285714","0.0714286","0.285714","0.0714286","0.285714","4.05","200.618","42.6877"
"1.36","0.00082478","0.00966275","0.330546","0.0431492","0.0351876","0.285714","0.0714286","0.285714","0.0714286","0.285714","4.05","200.618","42.6815"
"1.37","0.00082478","0.00966275","0.330546","0.0431492","0.0351876","0.285714","0.0714286","0.285714","0.0714286","0.285714","4.05","200.618","42.6752"
"1.38","0.00082478","0.00966275","0.330546","0.0431492","0.0351876","0.285714","0.0714286","0.285714","0.0714286","0.285714","4.05","200.618","42.6689"
"1.39","0.00082478","0.00966275","0.330546","0.0431492","0.0351876","0.285714","0.0714286","0.285714","0.0714286","0.285714","4.05","200.618","42.6627"
"1.4","0.00082478","0.00966275","0.330546","0.0431492","0.0351876","0.285714","0.0714286","0.285714","0.0714286","0.285714","4.05","200.618","42.6564"
"1.41","0.00082478","0.00966275","0.330546","0.0431492","0.0351876","0.285714","0.0714286","0.285714","0.0714286","0.285714","4.05","200.618","42.6502"
"1.42","0.00082478","0.00966275","0.330546","0.0431492","0.0351876","0.285714","0.0714286","0.285714","0.0714286","0.285714","4.05","200.618","42.644"
"1.43","0.00082478","0.00966275","0.330546","0.0431492","0.0351876","0.285714","0.0714286","0.285714","0.0714286","0.285714","4.05","200.618","42.6379"
"1.44","0.00082478","0.00966275","0.330546","0.0431492","0.0351876","0.285714","0.0714286","0.285714","0.0714286","0.285714","4.05","200.618","42.6318"
"1.45","0.00082478","0.00966275","0.330546","0.0431492","0.0351876","0.285714","0.0714286","0.285714","0.0714286","0.285714","4.05","200.618","42.6257"
"1.46","0.00082478","0.00966275","0.330546","0.0431492","0.0351876","0.285714","0.0714286","0.285714","0.0714286","0.285714","4.05","200.618","42.6195"
"1.47","0.00082478","0.00966275","0.330546","0.0431492","0.0351876","0.285714","0.0714286","0.285714","0.0714286","0.285714","4.05","200.618","42.6134"
"1.48","0.00082478","0.00966275","0.330546","0.0431492","0.0351876","0.285714","0.0714286","0.285714","0.0714286","0.285714","4.05","200.618","42.6073"
"1.49","0.00082478","0.00966275","0.330546","0.0431492","0.0351876","0.285714","0.0714286","0.285714","0.0714286","0.285714","4.05","200.618","42.6013"
"1.5","0.00082478","0.00966275","0.330546","0.0431492","0.0351876","0.285714","0.0714286","0.285714","0.0714286","0.285714","4.05","200.618","42.5952"
"1.51","0.00082478","0.00966275","0.330546","0.0431492","0.0351876","0.285714","0.0714286","0.285714","0.0714286","0.285714","4.05","200.618","42.5892"
"1.52","0.00082478","0.00966275","0.330546","0.0431492","0.0351876","0.285714","0.0714286","0.285714","0.0714286","0.285714","4.05","200.618","42.5832"
"1.53","0.00082478","0.00966275","0.330546","0.0431492","0.0351876","0.285714","0.0714286","0.285714","0.0714286","0.285714","4.05","200.618","42.5772"
"1.54","0.00082478","0.00966275","0.330546","0.0431492","0.0351876","0.285714","0.0714286","0.285714","0.0714286","0.285714","4.05","200.618","42.5712"
"1.55","0.00082478","0.00966275","0.330546","0.0431492","0.0351876","0.285714","0.0714286","0.285714","0.0714286","0.285714","4.05","200.618","42.5652"
"1.56","0.00082478","0.00966275","0.330546","0.0431492","0.0351876","0.285714","0.0714286","0.285714","0.0714286","0.285714","4.05","200.618","42.5591"
"1.57","0.00082478","0.00966275","0.330546","0.0431492","0.0351876","0.285714","0.0714286","0.285714","0.0714286","0.285714","4.05","200.618","42.5533"
"1.58","0.00082478","0.00966275","0.330546","0.0431492","0.0351876","0.285714","0.0714286","0.285714","0.0714286","0.285714","4.05","200.618","42.5474"
"1.59","0.00082478","0.00966275","0.330546","0.0431492","0.0351876","0.285714","0.0714286","0.285714","0.0714286","0.285714","4.05","200.618","42.5415"
"1.6","0.00082478","0.00966275","0.330546","0.0431492","0.0351876","0.285714","0.0714286","0.285714","0.0714286","0.285714","4.05","200.618","42.5356"
"1.61","0.00082478","0.00966275","0.330546","0.0431492","0.0351876","0.285714","0.0714286","0.285714","0.0714286","0.285714","4.05","200.618","42.5297"
"1.62","0.00082478","0.00966275","0.330546","0.0431492","0.0351876","0.285714","0.0714286","0.285714","0.0714286","0.285714","4.05","200.618","42.5238"
"1.63","0.00082478","0.00966275","0.330546","0.0431492","0.0351876","0.285714","0.0714286","0.285714","0.0714286","0.285714","4.05","200.618","42.5179"
"1.64","0.00082478","0.00966275","0.330546","0.0431492","0.0351876","0.285714","0.0714286","0.285714","0.0714286","0.285714","4.05","200.618","42.512"
"1.65","0.00082478","0.00966275","0.330546","0.0431492","0.0351876","0.285714","0.0714286","0.285714","0.0714286","0.285714","4.05","200.618","42.5063"
"1.66","0.00082478","0.00966275","0.330546","0.0431492","0.0351876","0.285714","0.0714286","0.285714","0.0714286","0.285714","4.05","200.618","42.5005"
"1.67","0.00082478","0.00966275","0.330546","0.0431492","0.0351876","0.285714","0.0714286","0.285714","0.0714286","0.285714","4.05","200.618","42.4947"
"1.68","0.00082478","0.00966275","0.330546","0.0431492","0.0351876","0.285714","0.0714286","0.285714","0.0714286","0.285714","4.05","200.618","42.4889"
"1.69","0.00082478","0.00966275","0.330546","0.0431492","0.0351876","0.285714","0.0714286","0.285714","0.0714286","0.285714","4.05","200.618","42.4831"
"1.7","0.00082478","0.00966275","0.330546","0.0431492","0.0351876","0.285714","0.0714286","0.285714","0.0714286","0.285714","4.05","200.618","42.4773"
"1.71","0.00082478","0.00966275","0.330546","0.0431492","0.0351876","0.285714","0.0714286","0.285714","0.0714286","0.285714","4.05","200.618","42.4716"
"1.72","0.00082478","0.00966275","0.330546","0.0431492","0.0351876","0.285714","0.0714286","0.285714","0.0714286","0.285714","4.05","200.618","42.4659"
"1.73","0.00082478","0.00966275","0.330546","0.0431492","0.0351876","0.285714","0.0714286","0.285714","0.0714286","0.285714","4.05","200.618","42.4602"
"1.74","0.00082478","0.00966275","0.330546","0.0431492","0.0351876","0.285714","0.0714286","0.285714","0.0714286","0.285714","4.05","200.618","42.4546"
"1.75","0.00082478","0.00966275","0.330546","0.0431492","0.0351876","0.285714","0.0714286","0.285714","0.0714286","0.285714","4.05","200.618","42.4489"
"1.76","0.00082478","0.00966275","0.330546","0.0431492","0.0351876","0.285714","0.0714286","0.285714","0.0714286","0.285714","4.05","200.618","42.4432"
"1.77","0.00082478","0.00966275","0.330546","0.0431492","0.0351876","0.285714","0.0714286","0.285714","0.0714286","0.285714","4.05","200.618","42.4376"
"1.78","0.00082478","0.00966275","0.330546","0.0431492","0.0351876","0.285714","0.0714286","0.285714","0.0714286","0.285714","4.05","200.618","42.4319"
"1.79","0.00082478","0.00966275","0.330546","0.0431492","0.0351876","0.285714","0.0714286","0.285714","0.0714286","0.285714","4.05","200.618","42.4262"
"1.8","0.00082478","0.00966275","0.330546","0.0431492","0.0351876","0.285714","0.0714286","0.285714","0.0714286","0.285714","4.05","200.618","42.4206"
"1.81","0.00082478","0.00966275","0.330546","0.0431492","0.0351876","0.285714","0.0714286","0.285714","0.0714286","0.285714","4.05","200.618","42.4151"
"1.82","0.00082478","0.00966275","0.330546","0.0431492","0.0351876","0.285714","0.0714286","0.285714","0.0714286","0.285714","4.05","200.618","42.4095"
"1.83","0.00082478","0.00966275","0.330546","0.0431492","0.0351876","0.285714","0.0714286","0.285714","0.0714286","0.285714","4.05","200.618","42.4039"
"1.84","0.00082478","0.00966275","0.330546","0.0431492","0.0351876","0.285714","0.0714286","0.285714","0.0714286","0.285714","4.05","200.618","42.3984"
"1.85","0.00082478","0.00966275","0.330546","0.0431492","0.0351876","0.285714","0.0714286","0.285714","0.0714286","0.285714","4.05","200.618","42.3928"
"1.86","0.00082478","0.00966275","0.330546","0.0431492","0.0351876","0.285714","0.0714286","0.285714","0.0714286","0.285714","4.05","200.618","42.3872"
"1.87","0.00082478","0.00966275","0.330546","0.0431492","0.0351876","0.285714","0.0714286","0.285714","0.0714286","0.285714","4.05","200.618","42.3818"
"1.88","0.00082478","0.00966275","0.330546","0.0431492","0.0351876","0.285714","0.0714286","0.285714","0.0714286","0.285714","4.05","200.618","42.3763"
"1.89","0.00082478","0.00966275","0.330546","0.0431492","0.0351876","0.285714","0.0714286","0.285714","0.0714286","0.285714","4.05","200.618","42.3709"
"1.9","0.00082478","0.00966275","0.330546","0.0431492","0.0351876","0.285714","0.0714286","0.285714","0.0714286","0.285714","4.05","200.618","42.3654"
"1.91","0.00082478","0.00966275","0.330546","0.0431492","0.0351876","0.285714","0.0714286","0.285714","0.0714286","0.285714","4.05","200.618","42.3599"
"1.92","0.00082478","0.00966275","0.330546","0.0431492","0.0351876","0.285714","0.0714286","0.285714","0.0714286","0.285714","4.05","200.618","42.3545"
"1.93","0.00082478","0.00966275","0.330546","0.0431492","0.0351876","0.285714","0.0714286","0.285714","0.0714286","0.285714","4.05","200.618","42.349"
"1.94","0.00082478","0.00966275","0.330546","0.0431492","0.0351876","0.285714","0.0714286","0.285714","0.0714286","0.285714","4.05","200.618","42.3436"
"1.95","0.00082478","0.00966275","0.330546","0.0431492","0.0351876","0.285714","0.0714286","0.285714","0.0714286","0.285714","4.05","200.618","42.3382"
"1.96","0.00082478","0.00966275","0.330546","0.0431492","0.0351876","0.285714","0.0714286","0.285714","0.0714286","0.285714","4.05","200.618","42.3328"
"1.97","0.00082478","0.00966275","0.330546","0.0431492","0.0351876","0.285714","0.0714286","0.285714","0.0714286","0.285714","4.05","200.618","42.3275"
"1.98","0.00082478","0.00966275","0.330546","0.0431492","0.0351876","0.285714","0.0714286","0.285714","0.0714286","0.285714","4.05","200.618","42.3221"
"1.99","0.00082478","0.00966275","0.330546","0.0431492","0.0351876","0.285714","0.0714286","0.285714","0.0714286","0.285714","4.05","200.618","42.3168"
"2","0.00082478","0.00966275","0.330546","0.0431492","0.0351876","0.285714","0.0714286","0.285714","0.0714286","0.285714","4.05","200.618","42.3114"
"2.01","0.00082478","0.00966275","0.330546","0.0431492","0.0351876","0.285714","0.0714286","0.285714","0.0714286","0.285714","4.05","200.618","42.3061"
"2.02","0.00082478","0.00966275","0.330546","0.0431492","0.0351876","0.285714","0.0714286","0.285714","0.0714286","0.285714","4.05","200.618","42.3007"
"2.03","0.00082478","0.00966275","0.330546","0.0431492","0.0351876","0.285714","0.0714286","0.285714","0.0714286","0.285714","4.05","200.618","42.2955"
"2.04","0.00082478","0.00966275","0.330546","0.0431492","0.0351876","0.285714","0.0714286","0.285714","0.0714286","0.285714","4.05","200.618","42.2902"
"2.05","0.00082478","0.00966275","0.330546","0.0431492","0.0351876","0.285714","0.0714286","0.285714","0.0714286","0.285714","4.05","200.618","42.285"
"2.06","0.00082478","0.00966275","0.330546","0.0431492","0.0351876","0.285714","0.0714286","0.285714","0.0714286","0.285714","4.05","200.618","42.2797"
"2.07","0.00082478","0.00966275","0.330546","0.0431492","0.0351876","0.285714","0.0714286","0.285714","0.0714286","0.285714","4.05","200.618","42.2745"
"2.08","0.00082478","0.00966275","0.330546","0.0431492","0.0351876","0.285714","0.0714286","0.285714","0.0714286","0.285714","4.05","200.618","42.2693"
"2.09","0.00082478","0.00966275","0.330546","0.0431492","0.0351876","0.285714","0.0714286","0.285714","0.0714286","0.285714","4.05","200.618","42.264"
"2.1","0.00082478","0.00966275","0.330546","0.0431492","0.0351876","0.285714","0.0714286","0.285714","0.0714286","0.285714","4.05","200.618","42.2588"
"2.11","0.00082478","0.00966275","0.330546","0.0431492","0.0351876","0.285714","0.0714286","0.285714","0.0714286","0.285714","4.05","200.618","42.2536"
"2.12","0.00082478","0.00966275","0.330546","0.0431492","0.0351876","0.285714","0.0714286","0.285714","0.0714286","0.285714","4.05","200.618","42.2483"
"2.13","0.00082478","0.00966275","0.330546","0.0431492","0.0351876","0.285714","0.0714286","0.285714","0.0714286","0.285714","4.05","200.618","42.2432"
"2.14","0.000860763","0.00877174","0.288839","0.0423625","0.0322327","0.283647","0.0709117","0.283647","0.0781476","0.283647","4.05","207.877","42.2306"
"2.15","0.000860763","0.00877174","0.288839","0.0423625","0.0322327","0.283647","0.0709117","0.283647","0.0781476","0.283647","4.05","207.877","42.2294"
"2.16","0.000860763","0.00877174","0.288839","0.0423625","0.0322327","0.283647","0.0709117","0.283647","0.0781476","0.283647","4.05","207.877","42.2282"
"2.17","0.000860763","0.00877174","0.288839","0.0423625","0.0322327","0.283647","0.0709117","0.283647","0.0781476","0.283647","4.05","207.877","42.2269"
"2.18","0.000860763","0.00877174","0.288839","0.0423625","0.0322327","0.283647","0.0709117","0.283647","0.0781476","0.283647","4.05","207.877","42.2257"
"2.19","0.000860763","0.00877174","0.288839","0.0423625","0.0322327","0.283647","0.0709117","0.283647","0.0781476","0.283647","4.05","207.877","42.2245"
"2.2","0.000860763","0.00877174","0.288839","0.0423625","0.0322327","0.283647","0.0709117","0.283647","0.0781476","0.283647","4.05","207.877","42.2232"
"2.21","0.000860763","0.00877174","0.288839","0.0423625","0.0322327","0.283647","0.0709117","0.283647","0.0781476","0.283647","4.05","207.877","42.222"
"2.22","0.000860763","0.00877174","0.288839","0.0423625","0.0322327","0.283647","0.0709117","0.283647","0.0781476","0.283647","4.05","207.877","42.2207"
"2.23","0.000860763","0.00877174","0.288839","0.0423625","0.0322327","0.283647","0.0709117","0.283647","0.0781476","0.283647","4.05","207.877","42.2195"
"2.24","0.000860763","0.00877174","0.288839","0.0423625","0.0322327","0.283647","0.0709117","0.283647","0.0781476","0.283647","4.05","207.877","42.2181"
"2.25","0.000860763","0.00877174","0.288839","0.0423625","0.0322327","0.283647","0.0709117","0.283647","0.0781476","0.283647","4.05","207.877","42.2167"
"2.26","0.000860763","0.00877174","0.288839","0.0423625","0.0322327","0.283647","0.0709117","0.283647","0.0781476","0.283647","4.05","207.877","42.2152"
"2.27","0.000860763","0.00877174","0.288839","0.0423625","0.0322327","0.283647","0.0709117","0.283647","0.0781476","0.283647","4.05","207.877","42.2137"
"2.28","0.000860763","0.00877174","0.288839","0.0423625","0.0322327","0.283647","0.0709117","0.283647","0.0781476","0.283647","4.05","207.877","42.2122"
"2.29","0.000860763","0.00877174","0.288839","0.0423625","0.0322327","0.283647","0.0709117","0.283647","0.0781476","0.283647","4.05","207.877","42.2106"
"2.3","0.000860763","0.00877174","0.288839","0.0423625","0.0322327","0.283647","0.0709117","0.283647","0.0781476","0.283647","4.05","207.877","42.2091"
"2.31","0.000860763","0.00877174","0.288839","0.0423625","0.0322327","0.283647","0.0709117","0.283647","0.0781476","0.283647","4.05","207.877","42.2072"
"2.32","0.000860763","0.00877174","0.288839","0.0423625","0.0322327","0.283647","0.0709117","0.283647","0.0781476","0.283647","4.05","207.877","42.2054"
"2.33","0.000860763","0.00877174","0.288839","0.0423625","0.0322327","0.283647","0.0709117","0.283647","0.0781476","0.283647","4.05","207.877","42.2035"
"2.34","0.000860763","0.00877174","0.288839","0.0423625","0.0322327","0.283647","0.0709117","0.283647","0.0781476","0.283647","4.05","207.877","42.2017"
"2.35","0.000860763","0.00877174","0.288839","0.0423625","0.0322327","0.283647","0.0709117","0.283647","0.0781476","0.283647","4.05","207.877","42.1998"
"2.36","0.000860763","0.00877174","0.288839","0.0423625","0.0322327","0.283647","0.0709117","0.283647","0.0781476","0.283647","4.05","207.877","42.198"
"2.37","0.000860763","0.00877174","0.288839","0.0423625","0.0322327","0.283647","0.0709117","0.283647","0.0781476","0.283647","4.05","207.877","42.1959"
"2.38","0.000860763","0.00877174","0.288839","0.0423625","0.0322327","0.283647","0.0709117","0.283647","0.0781476","0.283647","4.05","207.877","42.1939"
"2.39","0.000860763","0.00877174","0.288839","0.0423625","0.0322327","0.283647","0.0709117","0.283647","0.0781476","0.283647","4.05","207.877","42.1918"
"2.4","0.000860763","0.00877174","0.288839","0.0423625","0.0322327","0.283647","0.0709117","0.283647","0.0781476","0.283647","4.05","207.877","42.1897"
"2.41","0.000860763","0.00877175","0.288839","0.0423625","0.0322327","0.283647","0.0709117","0.283647","0.0781476","0.283647","4.05","207.877","42.1877"
"2.42","0.000860763","0.00877175","0.288839","0.0423625","0.0322327","0.283647","0.0709117","0.283647","0.0781476","0.283647","4.05","207.877","42.1856"
"2.43","0.000860763","0.00877175","0.288839","0.0423625","0.0322327","0.283647","0.0709117","0.283647","0.0781476","0.283647","4.05","207.877","42.1834"
"2.44","0.000860764","0.00877175","0.288839","0.0423625","0.0322327","0.283647","0.0709117","0.283647","0.0781476","0.283647","4.05","207.877","42.1812"
"2.45","0.000860764","0.00877175","0.288839","0.0423625","0.0322327","0.283647","0.0709117","0.283647","0.0781476","0.283647","4.05","207.877","42.179"
"2.46","0.000860764","0.00877175","0.288839","0.0423625","0.0322327","0.283647","0.0709117","0.283647","0.0781476","0.283647","4.05","207.877","42.1767"
"2.47","0.000860764","0.00877175","0.288839","0.0423625","0.0322327","0.283647","0.0709117","0.283647","0.0781476","0.283647","4.05","207.877","42.1745"
"2.48","0.000860764","0.00877175","0.288839","0.0423625","0.0322327","0.283647","0.0709117","0.283647","0.0781476","0.283647","4.05","207.877","42.1722"
"2.49","0.000860764","0.00877175","0.288839","0.0423625","0.0322327","0.283647","0.0709117","0.283647","0.0781476","0.283647","4.05","207.877","42.1698"
"2.5","0.000860764","0.00877175","0.288839","0.0423625","0.0322327","0.283647","0.0709117","0.283647","0.0781476","0.283647","4.05","207.877","42.1675"
"2.51","0.000860764","0.00877175","0.288839","0.0423625","0.0322327","0.283647","0.0709117","0.283647","0.0781476","0.283647","4.05","207.877","42.1651"
"2.52","0.000860764","0.00877175","0.288839","0.0423625","0.0322327","0.283647","0.0709117","0.283647","0.0781476","0.283647","4.05","207.877","42.1628"
"2.53","0.000860764","0.00877175","0.288839","0.0423625","0.0322327","0.283647","0.0709117","0.283647","0.0781476","0.283647","4.05","207.877","42.1603"
"2.54","0.000860764","0.00877175","0.288839","0.0423625","0.0322327","0.283647","0.0709117","0.283647","0.0781476","0.283647","4.05","207.877","42.1578"
"2.55","0.000860764","0.00877175","0.288839","0.0423625","0.0322327","0.283647","0.0709117","0.283647","0.0781476","0.283647","4.05","207.877","42.1554"
"2.56","0.000860764","0.00877175","0.288839","0.0423625","0.0322327","0.283647","0.0709117","0.283647","0.0781476","0.283647","4.05","207.877","42.1529"
"2.57","0.000860764","0.00877175","0.288839","0.0423625","0.0322327","0.283647","0.0709117","0.283647","0.0781476","0.283647","4.05","207.877","42.1504"
"2.58","0.000860764","0.00877175","0.288839","0.0423625","0.0322327","0.283647","0.0709117","0.283647","0.0781476","0.283647","4.05","207.877","42.1478"
"2.59","0.000860764","0.00877175","0.288839","0.0423625","0.0322327","0.283647","0.0709117","0.283647","0.0781476","0.283647","4.05","207.877","42.1452"
"2.6","0.000860764","0.00877175","0.288839","0.0423625","0.0322327","0.283647","0.0709117","0.283647","0.0781476","0.283647","4.05","207.877","42.1427"
"2.61","0.000860764","0.00877175","0.288839","0.0423625","0.0322327","0.283647","0.0709117","0.283647","0.0781476","0.283647","4.05","207.877","42.1401"
"2.62","0.000860764","0.00877175","0.288839","0.0423625","0.0322327","0.283647","0.0709117","0.283647","0.0781476","0.283647","4.05","207.877","42.1375"
"2.63","0.000860764","0.00877175","0.288839","0.0423625","0.0322327","0.283647","0.0709117","0.283647","0.0781476","0.283647","4.05","207.877","42.1349"
"2.64","0.000860764","0.00877175","0.288839","0.0423625","0.0322327","0.283647","0.0709117","0.283647","0.0781476","0.283647","4.05","207.877","42.1322"
"2.65","0.000860764","0.00877175","0.288839","0.0423625","0.0322328","0.283647","0.0709117","0.283647","0.0781476","0.283647","4.05","207.877","42.1295"
"2.66","0.000860764","0.00877175","0.288839","0.0423625","0.0322328","0.283647","0.0709117","0.283647","0.0781476","0.283647","4.05","207.877","42.1268"
"2.67","0.000860764","0.00877175","0.288839","0.0423625","0.0322328","0.283647","0.0709117","0.283647","0.0781476","0.283647","4.05","207.877","42.1241"
"2.68","0.000860764","0.00877175","0.288839","0.0423625","0.0322328","0.283647","0.0709117","0.283647","0.0781476","0.283647","4.05","207.877","42.1213"
"2.69","0.000860764","0.00877175","0.288839","0.0423625","0.0322328","0.283647","0.0709117","0.283647","0.0781476","0.283647","4.05","207.877","42.1185"
"2.7","0.000860764","0.00877175","0.288839","0.0423625","0.0322328","0.283647","0.0709117","0.283647","0.0781476","0.283647","4.05","207.877","42.1157"
"2.71","0.000860764","0.00877175","0.288839","0.0423625","0.0322328","0.283647","0.0709117","0.283647","0.0781476","0.283647","4.05","207.877","42.1129"
"2.72","0.000860764","0.00877175","0.288839","0.0423625","0.0322328","0.283647","0.0709117","0.283647","0.0781476","0.283647","4.05","207.877","42.1101"
"2.73","0.000860764","0.00877175","0.288839","0.0423625","0.0322328","0.283647","0.0709117","0.283647","0.0781476","0.283647","4.05","207.877","42.1073"
"2.74","0.000860764","0.00877175","0.288839","0.0423625","0.0322328","0.283647","0.0709117","0.283647","0.0781476","0.283647","4.05","207.877","42.1044"
"2.75","0.000860764","0.00877175","0.288839","0.0423625","0.0322328","0.283647","0.0709117","0.283647","0.0781476","0.283647","4.05","207.877","42.1015"
"2.76","0.000860764","0.00877175","0.288839","0.0423625","0.0322328","0.283647","0.0709117","0.283647","0.0781476","0.283647","4.05","207.877","42.0986"
"2.77","0.000860764","0.00877175","0.288839","0.0423625","0.0322328","0.283647","0.0709117","0.283647","0.0781476","0.283647","4.05","207.877","42.0957"
"2.78","0.000860764","0.00877175","0.288839","0.0423625","0.0322328","0.283647","0.0709117","0.283647","0.0781476","0.283647","4.05","207.877","42.0928"
"2.79","0.000860764","0.00877175","0.288839","0.0423625","0.0322328","0.283647","0.0709117","0.283647","0.0781476","0.283647","4.05","207.877","42.0899"
"2.8","0.000860764","0.00877175","0.288839","0.0423625","0.0322328","0.283647","0.0709117","0.283647","0.0781476","0.283647","4.05","207.877","42.0869"
"2.81","0.000860764","0.00877175","0.288839","0.0423625","0.0322328","0.283647","0.0709117","0.283647","0.0781476","0.283647","4.05","207.877","42.0839"
"2.82","0.000860764","0.00877175","0.288839","0.0423625","0.0322328","0.283647","0.0709117","0.283647","0.0781476","0.283647","4.05","207.877","42.0809"
"2.83","0.000860764","0.00877175","0.288839","0.0423625","0.0322328","0.283647","0.0709117","0.283647","0.0781476","0.283647","4.05","207.877","42.0779"
"2.84","0.000860764","0.00877175","0.288839","0.0423625","0.0322328","0.283647","0.0709117","0.283647","0.0781476","0.283647","4.05","207.877","42.0748"
"2.85","0.000860764","0.00877175","0.288839","0.0423625","0.0322328","0.283647","0.0709117","0.283647","0.0781476","0.283647","4.05","207.877","42.0718"
"2.86","0.000860764","0.00877175","0.288839","0.0423625","0.0322328","0.283647","0.0709117","0.283647","0.0781476","0.283647","4.05","207.877","42.0688"
"2.87","0.000860764","0.00877175","0.288839","0.0423625","0.0322328","0.283647","0.0709117","0.283647","0.0781476","0.283647","4.05","207.877","42.0658"
"2.88","0.000860764","0.00877175","0.288839","0.0423625","0.0322328","0.283647","0.0709117","0.283647","0.0781476","0.283647","4.05","207.877","42.0627"
"2.89","0.000860764","0.00877175","0.288839","0.0423625","0.0322328","0.283647","0.0709117","0.283647","0.0781476","0.283647","4.05","207.877","42.0595"
"2.9","0.000860764","0.00877175","0.288839","0.0423625","0.0322328","0.283647","0.0709117","0.283647","0.0781476","0.283647","4.05","207.877","42.0564"
"2.91","0.000860764","0.00877175","0.288839","0.0423625","0.0322328","0.283647","0.0709117","0.283647","0.0781476","0.283647","4.05","207.877","42.0533"
"2.92","0.000860764","0.00877175","0.288839","0.0423625","0.0322328","0.283647","0.0709117","0.283647","0.0781476","0.283647","4.05","207.877","42.0502"
"2.93","0.000860764","0.00877175","0.288839","0.0423625","0.0322328","0.283647","0.0709117","0.283647","0.0781476","0.283647","4.05","207.877","42.0471"
"2.94","0.000860764","0.00877175","0.288839","0.0423625","0.0322328","0.283647","0.0709117","0.283647","0.0781476","0.283647","4.05","207.877","42.0439"
"2.95","0.000860764","0.00877175","0.288839","0.0423625","0.0322328","0.283647","0.0709117","0.283647","0.0781476","0.283647","4.05","207.877","42.0408"
"2.96","0.000860764","0.00877175","0.288839","0.0423625","0.0322328","0.283647","0.0709117","0.283647","0.0781476","0.283647","4.05","207.877","42.0376"
"2.97","0.000860764","0.00877175","0.288839","0.0423625","0.0322328","0.283647","0.0709117","0.283647","0.0781476","0.283647","4.05","207.877","42.0343"
"2.98","0.000860765","0.00877175","0.288839","0.0423625","0.0322328","0.283647","0.0709117","0.283647","0.0781476","0.283647","4.05","207.877","42.0311"
"2.99","0.000860765","0.00877175","0.288839","0.0423625","0.0322328","0.283647","0.0709117","0.283647","0.0781476","0.283647","4.05","207.877","42.0279"
"3","0.000860765","0.00877175","0.288839","0.0423625","0.0322328","0.283647","0.0709117","0.283647","0.0781476","0.283647","4.05","207.877","42.0247"
"3.01","0.000860765","0.00877175","0.288839","0.0423625","0.0322328","0.283647","0.0709117","0.283647","0.0781476","0.283647","4.05","207.877","42.0214"
"3.02","0.000860765","0.00877175","0.288839","0.0423625","0.0322328","0.283647","0.0709117","0.283647","0.0781476","0.283647","4.05","207.877","42.0182"
"3.03","0.000860765","0.00877175","0.288839","0.0423625","0.0322328","0.283647","0.0709117","0.283647","0.0781476","0.283647","4.05","207.877","42.015"
"3.04","0.000860765","0.00877175","0.288839","0.0423625","0.0322328","0.283647","0.0709117","0.283647","0.0781476","0.283647","4.05","207.877","42.0117"
"3.05","0.000860765","0.00877175","0.288839","0.0423625","0.0322328","0.283647","0.0709117","0.283647","0.0781476","0.283647","4.05","207.877","42.0085"
"3.06","0.000860765","0.00877175","0.288839","0.0423625","0.0322328","0.283647","0.0709117","0.283647","0.0781476","0.283647","4.05","207.877","42.0052"
"3.07","0.000860765","0.00877175","0.288839","0.0423625","0.0322328","0.283647","0.0709117","0.283647","0.0781476","0.283647","4.05","207.877","42.0018"
"3.08","0.000860765","0.00877175","0.288839","0.0423625","0.0322328","0.283647","0.0709117","0.283647","0.0781476","0.283647","4.05","207.877","41.9985"
"3.09","0.000860765","0.00877175","0.288839","0.0423625","0.0322328","0.283647","0.0709117","0.283647","0.0781476","0.283647","4.05","207.877","41.9952"
"3.1","0.000860765","0.00877175","0.288839","0.0423625","0.0322328","0.283647","0.0709117","0.283647","0.0781476","0.283647","4.05","207.877","41.9918"
"3.11","0.000860765","0.00877175","0.288839","0.0423625","0.0322328","0.283647","0.0709117","0.283647","0.0781476","0.283647","4.05","207.877","41.9885"
"3.12","0.000860765","0.00877175","0.288839","0.0423625","0.0322328","0.283647","0.0709117","0.283647","0.0781476","0.283647","4.05","207.877","41.9852"
"3.13","0.000860765","0.00877176","0.288839","0.0423625","0.0322328","0.283647","0.0709117","0.283647","0.0781476","0.283647","4.05","207.877","41.9818"
"3.14","0.000860765","0.00877176","0.288839","0.0423625","0.0322328","0.283647","0.0709117","0.283647","0.0781476","0.283647","4.05","207.877","41.9785"
"3.15","0.000860765","0.00877176","0.288839","0.0423625","0.0322328","0.283647","0.0709117","0.283647","0.0781476","0.283647","4.05","207.877","41.9752"
"3.16","0.000860765","0.00877176","0.288839","0.0423625","0.0322328","0.283647","0.0709117","0.283647","0.0781476","0.283647","4.05","207.877","41.9719"
"3.17","0.000860765","0.00877176","0.288839","0.0423625","0.0322328","0.283647","0.0709117","0.283647","0.0781476","0.283647","4.05","207.877","41.9684"
"3.18","0.000860765","0.00877176","0.288839","0.0423625","0.0322328","0.283647","0.0709117","0.283647","0.0781476","0.283647","4.05","207.877","41.965"
"3.19","0.000860765","0.00877176","0.288839","0.0423625","0.0322328","0.283647","0.0709117","0.283647","0.0781476","0.283647","4.05","207.877","41.9616"
"3.2","0.000860765","0.00877176","0.288839","0.0423625","0.0322328","0.283647","0.0709117","0.283647","0.0781476","0.283647","4.05","207.877","41.9582"
"3.21","0.000860765","0.00877176","0.288839","0.0423625","0.0322328","0.283647","0.0709117","0.283647","0.0781476","0.283647","4.05","207.877","41.9548"
"3.22","0.000860765","0.00877176","0.288839","0.0423625","0.0322328","0.283647","0.0709117","0.283647","0.0781476","0.283647","4.05","207.877","41.9514"
"3.23","0.000860765","0.00877176","0.288839","0.0423625","0.0322328","0.283647","0.0709117","0.283647","0.0781476","0.283647","4.05","207.877","41.948"
"3.24","0.000860765","0.00877176","0.288839","0.0423625","0.0322328","0.283647","0.0709117","0.283647","0.0781476","0.283647","4.05","207.877","41.9446"
"3.25","0.000860765","0.00877176","0.288839","0.0423625","0.0322328","0.283647","0.0709117","0.283647","0.0781476","0.283647","4.05","207.877","41.9412"
"3.26","0.000860765","0.00877176","0.288839","0.0423625","0.0322328","0.283647","0.0709117","0.283647","0.0781476","0.283647","4.05","207.877","41.9377"
"3.27","0.000860765","0.00877176","0.288839","0.0423625","0.0322328","0.283647","0.0709117","0.283647","0.0781476","0.283647","4.05","207.877","41.9343"
"3.28","0.000860765","0.00877176","0.288839","0.0423625","0.0322328","0.283647","0.0709117","0.283647","0.0781476","0.283647","4.05","207.877","41.9309"
"3.29","0.000860765","0.00877176","0.288839","0.0423625","0.0322328","0.283647","0.0709117","0.283647","0.0781476","0.283647","4.05","207.877","41.9275"
"3.3","0.000860765","0.00877176","0.288839","0.0423625","0.0322328","0.283647","0.0709117","0.283647","0.0781476","0.283647","4.05","207.877","41.924"
"3.31","0.000860765","0.00877176","0.288839","0.0423625","0.0322328","0.283647","0.0709117","0.283647","0.0781476","0.283647","4.05","207.877","41.9205"
"3.32","0.000860765","0.00877176","0.288839","0.0423625","0.0322328","0.283647","0.0709117","0.283647","0.0781476","0.283647","4.05","207.877","41.917"
"3.33","0.000860765","0.00877176","0.288839","0.0423625","0.0322328","0.283647","0.0709117","0.283647","0.0781476","0.283647","4.05","207.877","41.9136"
"3.34","0.000860765","0.00877176","0.288839","0.0423625","0.0322328","0.283647","0.0709117","0.283647","0.0781476","0.283647","4.05","207.877","41.9101"
"3.35","0.000860765","0.00877176","0.288839","0.0423625","0.0322328","0.283647","0.0709117","0.283647","0.0781476","0.283647","4.05","207.877","41.9066"
"3.36","0.000860765","0.00877176","0.288839","0.0423625","0.0322328","0.283647","0.0709117","0.283647","0.0781476","0.283647","4.05","207.877","41.9032"
"3.37","0.000860765","0.00877176","0.288839","0.0423625","0.0322328","0.283647","0.0709117","0.283647","0.0781476","0.283647","4.05","207.877","41.8997"
"3.38","0.000860765","0.00877176","0.288839","0.0423625","0.0322328","0.283647","0.0709117","0.283647","0.0781476","0.283647","4.05","207.877","41.8962"
"3.39","0.000860765","0.00877176","0.288839","0.0423625","0.0322328","0.283647","0.0709117","0.283647","0.0781476","0.283647","4.05","207.877","41.8928"
"3.4","0.000860765","0.00877176","0.288839","0.0423625","0.0322328","0.283647","0.0709117","0.283647","0.0781476","0.283647","4.05","207.877","41.8893"
"3.41","0.000860765","0.00877176","0.288839","0.0423625","0.0322328","0.283647","0.0709117","0.283647","0.0781476","0.283647","4.05","207.877","41.8858"
"3.42","0.000860765","0.00877176","0.288839","0.0423625","0.0322328","0.283647","0.0709117","0.283647","0.0781476","0.283647","4.05","207.877","41.8823"
"3.43","0.000860765","0.00877176","0.288839","0.0423625","0.0322328","0.283647","0.0709117","0.283647","0.0781476","0.283647","4.05","207.877","41.8788"
"3.44","0.000860765","0.00877176","0.288839","0.0423625","0.0322328","0.283647","0.0709117","0.283647","0.0781476","0.283647","4.05","207.877","41.8753"
"3.45","0.000860765","0.00877176","0.288839","0.0423625","0.0322328","0.283647","0.0709117","0.283647","0.0781476","0.283647","4.05","207.877","41.8718"
"3.46","0.000860765","0.00877176","0.288839","0.0423625","0.0322328","0.283647","0.0709117","0.283647","0.0781476","0.283647","4.05","207.877","41.8683"
"3.47","0.000860765","0.00877176","0.288839","0.0423625","0.0322328","0.283647","0.0709117","0.283647","0.0781476","0.283647","4.05","207.877","41.8648"
"3.48","0.000860765","0.00877176","0.288839","0.0423625","0.0322328","0.283647","0.0709117","0.283647","0.0781476","0.283647","4.05","207.877","41.8613"
"3.49","0.000860765","0.00877176","0.288839","0.0423625","0.0322328","0.283647","0.0709117","0.283647","0.0781476","0.283647","4.05","207.877","41.8578"
"3.5","0.000860765","0.00877176","0.288839","0.0423625","0.0322328","0.283647","0.0709117","0.283647","0.0781476","0.283647","4.05","207.877","41.8542"
"3.51","0.000860766","0.00877176","0.288839","0.0423625","0.0322328","0.283647","0.0709117","0.283647","0.0781476","0.283647","4.05","207.877","41.8507"
"3.52","0.000860766","0.00877176","0.288839","0.0423625","0.0322328","0.283647","0.0709117","0.283647","0.0781476","0.283647","4.05","207.877","41.8472"
"3.53","0.000860766","0.00877176","0.288839","0.0423625","0.0322328","0.283647","0.0709117","0.283647","0.0781476","0.283647","4.05","207.877","41.8437"
"3.54","0.000860766","0.00877176","0.288839","0.0423625","0.0322328","0.283647","0.0709117","0.283647","0.0781476","0.283647","4.05","207.877","41.8402"
"3.55","0.000860766","0.00877176","0.288839","0.0423625","0.0322328","0.283647","0.0709117","0.283647","0.0781476","0.283647","4.05","207.877","41.8367"
"3.56","0.000860766","0.00877176","0.288839","0.0423625","0.0322328","0.283647","0.0709117","0.283647","0.0781476","0.283647","4.05","207.877","41.8332"
"3.57","0.000860766","0.00877176","0.288839","0.0423625","0.0322328","0.283647","0.0709117","0.283647","0.0781476","0.283647","4.05","207.877","41.8297"
"3.58","0.000860766","0.00877176","0.288839","0.0423625","0.0322328","0.283647","0.0709117","0.283647","0.0781476","0.283647","4.05","207.877","41.8262"
"3.59","0.000860766","0.00877176","0.288839","0.0423625","0.0322328","0.283647","0.0709117","0.283647","0.0781476","0.283647","4.05","207.877","41.8227"
"3.6","0.000860766","0.00877176","0.288839","0.0423625","0.0322328","0.283647","0.0709117","0.283647","0.0781476","0.283647","4.05","207.877","41.8192"
"3.61","0.000860766","0.00877176","0.288839","0.0423625","0.0322328","0.283647","0.0709117","0.283647","0.0781476","0.283647","4.05","207.877","41.8157"
"3.62","0.000860766","0.00877176","0.288839","0.0423625","0.0322328","0.283647","0.0709117","0.283647","0.0781476","0.283647","4.05","207.877","41.8122"
"3.63","0.000860766","0.00877176","0.288839","0.0423625","0.0322328","0.283647","0.0709117","0.283647","0.0781476","0.283647","4.05","207.877","41.8087"
"3.64","0.000860766","0.00877176","0.288839","0.0423625","0.0322328","0.283647","0.0709117","0.283647","0.0781476","0.283647","4.05","207.877","41.8051"
"3.65","0.000860766","0.00877176","0.288839","0.0423625","0.0322328","0.283647","0.0709117","0.283647","0.0781476","0.283647","4.05","207.877","41.8016"
"3.66","0.000860766","0.00877176","0.288839","0.0423625","0.0322328","0.283647","0.0709117","0.283647","0.0781476","0.283647","4.05","207.877","41.7981"
"3.67","0.000860766","0.00877176","0.288839","0.0423625","0.0322328","0.283647","0.0709117","0.283647","0.0781476","0.283647","4.05","207.877","41.7946"
"3.68","0.000860766","0.00877176","0.288839","0.0423625","0.0322328","0.283647","0.0709117","0.283647","0.0781476","0.283647","4.05","207.877","41.7911"
"3.69","0.000860766","0.00877176","0.288839","0.0423625","0.0322328","0.283647","0.0709117","0.283647","0.0781476","0.283647","4.05","207.877","41.7876"
"3.7","0.000860766","0.00877176","0.288839","0.0423625","0.0322328","0.283647","0.0709117","0.283647","0.0781476","0.283647","4.05","207.877","41.7841"
"3.71","0.000860766","0.00877176","0.288839","0.0423625","0.0322328","0.283647","0.0709117","0.283647","0.0781476","0.283647","4.05","207.877","41.7806"
"3.72","0.000860766","0.00877176","0.288839","0.0423625","0.0322328","0.283647","0.0709117","0.283647","0.0781476","0.283647","4.05","207.877","41.7771"
"3.73","0.000860766","0.00877176","0.288839","0.0423625","0.0322328","0.283647","0.0709117","0.283647","0.0781476","0.283647","4.05","207.877","41.7737"
"3.74","0.000860766","0.00877176","0.288839","0.0423625","0.0322328","0.283647","0.0709117","0.283647","0.0781476","0.283647","4.05","207.877","41.7702"
"3.75","0.000860766","0.00877176","0.288839","0.0423625","0.0322328","0.283647","0.0709117","0.283647","0.0781476","0.283647","4.05","207.877","41.7667"
"3.76","0.000860766","0.00877176","0.288839","0.0423625","0.0322328","0.283647","0.0709117","0.283647","0.0781476","0.283647","4.05","207.877","41.7632"
"3.77","0.000860766","0.00877176","0.288839","0.0423625","0.0322328","0.283647","0.0709117","0.283647","0.0781476","0.283647","4.05","207.877","41.7597"
"3.78","0.000860766","0.00877176","0.288839","0.0423625","0.0322328","0.283647","0.0709117","0.283647","0.0781476","0.283647","4.05","207.877","41.7562"
"3.79","0.000860766","0.00877176","0.288839","0.0423625","0.0322328","0.283647","0.0709117","0.283647","0.0781476","0.283647","4.05","207.877","41.7527"
"3.8","0.000860766","0.00877176","0.288839","0.0423625","0.0322328","0.283647","0.0709117","0.283647","0.0781476","0.283647","4.05","207.877","41.7492"
"3.81","0.000860766","0.00877176","0.288839","0.0423625","0.0322328","0.283647","0.0709117","0.283647","0.0781476","0.283647","4.05","207.877","41.7457"
"3.82","0.000860766","0.00877176","0.288839","0.0423625","0.0322328","0.283647","0.0709117","0.283647","0.0781476","0.283647","4.05","207.877","41.7423"
"3.83","0.000860766","0.00877176","0.288839","0.0423625","0.0322328","0.283647","0.0709117","0.283647","0.0781476","0.283647","4.05","207.877","41.7388"
"3.84","0.000860766","0.00877176","0.288839","0.0423625","0.0322328","0.283647","0.0709117","0.283647","0.0781476","0.283647","4.05","207.877","41.7353"
"3.85","0.000860766","0.00877177","0.288839","0.0423625","0.0322328","0.283647","0.0709117","0.283647","0.0781476","0.283647","4.05","207.877","41.7318"
"3.86","0.000860766","0.00877177","0.288839","0.0423625","0.0322328","0.283647","0.0709117","0.283647","0.0781476","0.283647","4.05","207.877","41.7283"
"3.87","0.000860766","0.00877177","0.288839","0.0423625","0.0322328","0.283647","0.0709117","0.283647","0.0781476","0.283647","4.05","207.877","41.7248"
"3.88","0.000860766","0.00877177","0.288839","0.0423625","0.0322328","0.283647","0.0709117","0.283647","0.0781476","0.283647","4.05","207.877","41.7213"
"3.89","0.000860766","0.00877177","0.288839","0.0423625","0.0322328","0.283647","0.0709117","0.283647","0.0781476","0.283647","4.05","207.877","41.7178"
"3.9","0.000860766","0.00877177","0.288839","0.0423625","0.0322328","0.283647","0.0709117","0.283647","0.0781476","0.283647","4.05","207.877","41.7144"
"3.91","0.000860766","0.00877177","0.288839","0.0423625","0.0322328","0.283647","0.0709117","0.283647","0.0781476","0.283647","4.05","207.877","41.7109"
"3.92","0.000860766","0.00877177","0.288839","0.0423625","0.0322328","0.283647","0.0709117","0.283647","0.0781476","0.283647","4.05","207.877","41.7074"
"3.93","0.000860766","0.00877177","0.288839","0.0423625","0.0322328","0.283647","0.0709117","0.283647","0.0781476","0.283647","4.05","207.877","41.704"
"3.94","0.000860766","0.00877177","0.288839","0.0423625","0.0322328","0.283647","0.0709117","0.283647","0.0781476","0.283647","4.05","207.877","41.7006"
"3.95","0.000860766","0.00877177","0.288839","0.0423625","0.0322328","0.283647","0.0709117","0.283647","0.0781476","0.283647","4.05","207.877","41.6971"
"3.96","0.000860766","0.00877177","0.288839","0.0423625","0.0322328","0.283647","0.0709117","0.283647","0.0781476","0.283647","4.05","207.877","41.6937"
"3.97","0.000860766","0.00877177","0.288839","0.0423625","0.0322328","0.283647","0.0709117","0.283647","0.0781476","0.283647","4.05","207.877","41.6903"
"3.98","0.000860766","0.00877177","0.288839","0.0423625","0.0322328","0.283647","0.0709117","0.283647","0.0781476","0.283647","4.05","207.877","41.6868"
"3.99","0.000860766","0.00877177","0.288839","0.0423625","0.0322328","0.283647","0.0709117","0.283647","0.0781476","0.283647","4.05","207.877","41.6834"
"4","0.000860766","0.00877177","0.288839","0.0423625","0.0322328","0.283647","0.0709117","0.283647","0.0781476","0.283647","4.05","207.877","41.68"
"4.01","0.000860766","0.00877177","0.288839","0.0423625","0.0322328","0.283647","0.0709117","0.283647","0.0781476","0.283647","4.05","207.877","41.6765"
"4.02","0.000860766","0.00877177","0.288839","0.0423625","0.0322328","0.283647","0.0709117","0.283647","0.0781476","0.283647","4.05","207.877","41.6731"
"4.03","0.000860766","0.00877177","0.288839","0.0423625","0.0322328","0.283647","0.0709117","0.283647","0.0781476","0.283647","4.05","207.877","41.6696"
"4.04","0.000860766","0.00877177","0.288839","0.0423625","0.0322328","0.283647","0.0709117","0.283647","0.0781476","0.283647","4.05","207.877","41.6662"
"4.05","0.000860767","0.00877177","0.288839","0.0423625","0.0322328","0.283647","0.0709117","0.283647","0.0781476","0.283647","4.05","207.877","41.6628"
"4.06","0.000860767","0.00877177","0.288839","0.0423625","0.0322328","0.283647","0.0709117","0.283647","0.0781476","0.283647","4.05","207.877","41.6593"
"4.07","0.000860767","0.00877177","0.288839","0.0423625","0.0322328","0.283647","0.0709117","0.283647","0.0781476","0.283647","4.05","207.877","41.6559"
"4.08","0.000860767","0.00877177","0.288839","0.0423625","0.0322328","0.283647","0.0709117","0.283647","0.0781476","0.283647","4.05","207.877","41.6525"
"4.09","0.000860767","0.00877177","0.288839","0.0423625","0.0322328","0.283647","0.0709117","0.283647","0.0781476","0.283647","4.05","207.877","41.6491"
"4.1","0.000860767","0.00877177","0.288839","0.0423625","0.0322328","0.283647","0.0709117","0.283647","0.0781476","0.283647","4.05","207.877","41.6458"
"4.11","0.000860767","0.00877177","0.288839","0.0423625","0.0322328","0.283647","0.0709117","0.283647","0.0781476","0.283647","4.05","207.877","41.6424"
"4.12","0.000860767","0.00877177","0.288839","0.0423625","0.0322328","0.283647","0.0709117","0.283647","0.0781476","0.283647","4.05","207.877","41.639"
"4.13","0.000860767","0.00877177","0.288839","0.0423625","0.0322328","0.283647","0.0709117","0.283647","0.0781476","0.283647","4.05","207.877","41.6356"
"4.14","0.000860767","0.00877177","0.288839","0.0423625","0.0322328","0.283647","0.0709117","0.283647","0.0781476","0.283647","4.05","207.877","41.6322"
"4.15","0.000860767","0.00877177","0.288839","0.0423625","0.0322328","0.283647","0.0709117","0.283647","0.0781476","0.283647","4.05","207.877","41.6289"
"4.16","0.000860767","0.00877177","0.288839","0.0423625","0.0322328","0.283647","0.0709117","0.283647","0.0781476","0.283647","4.05","207.877","41.6255"
"4.17","0.000860767","0.00877177","0.288839","0.0423625","0.0322328","0.283647","0.0709117","0.283647","0.0781476","0.283647","4.05","207.877","41.6221"
"4.18","0.000860767","0.00877177","0.288839","0.0423625","0.0322328","0.283647","0.0709117","0.283647","0.0781476","0.283647","4.05","207.877","41.6187"
"4.19","0.000860767","0.00877177","0.288839","0.0423625","0.0322328","0.283647","0.0709117","0.283647","0.0781476","0.283647","4.05","207.877","41.6154"
"4.2","0.000860767","0.00877177","0.288839","0.0423625","0.0322328","0.283647","0.0709117","0.283647","0.0781476","0.283647","4.05","207.877","41.612"
"4.21","0.000860767","0.00877177","0.288839","0.0423625","0.0322328","0.283647","0.0709117","0.283647","0.0781476","0.283647","4.05","207.877","41.6087"
"4.22","0.000860767","0.00877177","0.288839","0.0423625","0.0322328","0.283647","0.0709117","0.283647","0.0781476","0.283647","4.05","207.877","41.6053"
"4.23","0.000860767","0.00877177","0.288839","0.0423625","0.0322328","0.283647","0.0709117","0.283647","0.0781476","0.283647","4.05","207.877","41.602"
"4.24","0.000860767","0.00877177","0.288839","0.0423625","0.0322328","0.283647","0.0709117","0.283647","0.0781476","0.283647","4.05","207.877","41.5987"
"4.25","0.000860767","0.00877177","0.288839","0.0423625","0.0322328","0.283647","0.0709117","0.283647","0.0781476","0.283647","4.05","207.877","41.5954"
"4.26","0.000860767","0.00877177","0.288839","0.0423625","0.0322328","0.283647","0.0709117","0.283647","0.0781476","0.283647","4.05","207.877","41.5921"
"4.27","0.000860767","0.00877177","0.288839","0.0423625","0.0322328","0.283647","0.0709117","0.283647","0.0781476","0.283647","4.05","207.877","41.5888"
"4.28","0.000860767","0.00877177","0.288839","0.0423625","0.0322328","0.283647","0.0709117","0.283647","0.0781476","0.283647","4.05","207.877","41.5855"
"4.29","0.000860767","0.00877177","0.288839","0.0423625","0.0322328","0.283647","0.0709117","0.283647","0.0781476","0.283647","4.05","207.877","41.5821"
"4.3","0.000860767","0.00877177","0.288839","0.0423625","0.0322328","0.283647","0.0709117","0.283647","0.0781476","0.283647","4.05","207.877","41.5788"
"4.31","0.000860767","0.00877177","0.288839","0.0423625","0.0322328","0.283647","0.0709117","0.283647","0.0781476","0.283647","4.05","207.877","41.5755"
"4.32","0.000860767","0.00877177","0.288839","0.0423625","0.0322328","0.283647","0.0709117","0.283647","0.0781476","0.283647","4.05","207.877","41.5722"
"4.33","0.000860767","0.00877177","0.288839","0.0423625","0.0322328","0.283647","0.0709117","0.283647","0.0781476","0.283647","4.05","207.877","41.5689"
"4.34","0.000860767","0.00877177","0.288839","0.0423625","0.0322328","0.283647","0.0709117","0.283647","0.0781476","0.283647","4.05","207.877","41.5656"
"4.35","0.000860767","0.00877177","0.288839","0.0423625","0.0322328","0.283647","0.0709117","0.283647","0.0781476","0.283647","4.05","207.877","41.5622"
"4.36","0.000860767","0.00877177","0.288839","0.0423625","0.0322328","0.283647","0.0709117","0.283647","0.0781476","0.283647","4.05","207.877","41.559"
"4.37","0.000860767","0.00877177","0.288839","0.0423625","0.0322328","0.283647","0.0709117","0.283647","0.0781476","0.283647","4.05","207.877","41.5558"
"4.38","0.000860767","0.00877177","0.288839","0.0423625","0.0322328","0.283647","0.0709117","0.283647","0.0781476","0.283647","4.05","207.877","41.5525"
"4.39","0.000860767","0.00877177","0.288839","0.0423625","0.0322328","0.283647","0.0709117","0.283647","0.0781476","0.283647","4.05","207.877","41.5493"
"4.4","0.000860767","0.00877177","0.288839","0.0423625","0.0322328","0.283647","0.0709117","0.283647","0.0781476","0.283647","4.05","207.877","41.546"
"4.41","0.000860767","0.00877177","0.288839","0.0423625","0.0322328","0.283647","0.0709117","0.283647","0.0781476","0.283647","4.05","207.877","41.5428"
"4.42","0.000860767","0.00877177","0.288839","0.0423625","0.0322328","0.283647","0.0709117","0.283647","0.0781476","0.283647","4.05","207.877","41.5396"
"4.43","0.000860767","0.00877177","0.288839","0.0423625","0.0322328","0.283647","0.0709117","0.283647","0.0781476","0.283647","4.05","207.877","41.5363"
"4.44","0.000860767","0.00877177","0.288839","0.0423625","0.0322328","0.283647","0.0709117","0.283647","0.0781476","0.283647","4.05","207.877","41.5331"
"4.45","0.000860767","0.00877177","0.288839","0.0423625","0.0322328","0.283647","0.0709117","0.283647","0.0781476","0.283647","4.05","207.877","41.5298"
"4.46","0.000860767","0.00877177","0.288839","0.0423625","0.0322328","0.283647","0.0709117","0.283647","0.0781476","0.283647","4.05","207.877","41.5266"
"4.47","0.000860767","0.00877177","0.288839","0.0423625","0.0322328","0.283647","0.0709117","0.283647","0.0781476","0.283647","4.05","207.877","41.5233"
"4.48","0.000860767","0.00877177","0.288839","0.0423625","0.0322328","0.283647","0.0709117","0.283647","0.0781476","0.283647","4.05","207.877","41.5201"
"4.49","0.000860767","0.00877177","0.288839","0.0423625","0.0322328","0.283647","0.0709117","0.283647","0.0781476","0.283647","4.05","207.877","41.5169"
"4.5","0.000860767","0.00877177","0.288839","0.0423625","0.0322328","0.283647","0.0709117","0.283647","0.0781476","0.283647","4.05","207.877","41.5137"
"4.51","0.000860767","0.00877177","0.288839","0.0423625","0.0322328","0.283647","0.0709117","0.283647","0.0781476","0.283647","4.05","207.877","41.5105"
"4.52","0.000860767","0.00877177","0.288839","0.0423625","0.0322328","0.283647","0.0709117","0.283647","0.0781476","0.283647","4.05","207.877","41.5074"
"4.53","0.000860767","0.00877177","0.288839","0.0423625","0.0322328","0.283647","0.0709117","0.283647","0.0781476","0.283647","4.05","207.877","41.5042"
"4.54","0.000860767","0.00877177","0.288839","0.0423625","0.0322328","0.283647","0.0709117","0.283647","0.0781476","0.283647","4.05","207.877","41.501"
"4.55","0.000860767","0.00877177","0.288839","0.0423625","0.0322328","0.283647","0.0709117","0.283647","0.0781476","0.283647","4.05","207.877","41.4979"
"4.56","0.000860767","0.00877177","0.288839","0.0423625","0.0322328","0.283647","0.0709117","0.283647","0.0781476","0.283647","4.05","207.877","41.4947"
"4.57","0.000860767","0.00877178","0.288839","0.0423625","0.0322328","0.283647","0.0709117","0.283647","0.0781476","0.283647","4.05","207.877","41.4915"
"4.58","0.000860767","0.00877178","0.288839","0.0423625","0.0322328","0.283647","0.0709117","0.283647","0.0781476","0.283647","4.05","207.877","41.4884"
"4.59","0.000860768","0.00877178","0.288839","0.0423625","0.0322328","0.283647","0.0709117","0.283647","0.0781476","0.283647","4.05","207.877","41.4852"
"4.6","0.000860768","0.00877178","0.288839","0.0423625","0.0322328","0.283647","0.0709117","0.283647","0.0781476","0.283647","4.05","207.877","41.482"
"4.61","0.000860768","0.00877178","0.288839","0.0423625","0.0322328","0.283647","0.0709117","0.283647","0.0781476","0.283647","4.05","207.877","41.4788"
"4.62","0.000860768","0.00877178","0.288839","0.0423625","0.0322328","0.283647","0.0709117","0.283647","0.0781476","0.283647","4.05","207.877","41.4757"
"4.63","0.000860768","0.00877178","0.288839","0.0423625","0.0322328","0.283647","0.0709117","0.283647","0.0781476","0.283647","4.05","207.877","41.4726"
"4.64","0.000860768","0.00877178","0.288839","0.0423625","0.0322328","0.283647","0.0709117","0.283647","0.0781476","0.283647","4.05","207.877","41.4695"
"4.65","0.000860768","0.00877178","0.288839","0.0423625","0.0322328","0.283647","0.0709117","0.283647","0.0781476","0.283647","4.05","207.877","41.4664"
"4.66","0.000860768","0.00877178","0.288839","0.0423625","0.0322328","0.283647","0.0709117","0.283647","0.0781476","0.283647","4.05","207.877","41.4633"
"4.67","0.000860768","0.00877178","0.288839","0.0423625","0.0322328","0.283647","0.0709117","0.283647","0.0781476","0.283647","4.05","207.877","41.4602"
"4.68","0.000860768","0.00877178","0.288839","0.0423625","0.0322328","0.283647","0.0709117","0.283647","0.0781476","0.283647","4.05","207.877","41.4571"
"4.69","0.000860768","0.00877178","0.288839","0.0423625","0.0322328","0.283647","0.0709117","0.283647","0.0781476","0.283647","4.05","207.877","41.454"
"4.7","0.000860768","0.00877178","0.288839","0.0423625","0.0322328","0.283647","0.0709117","0.283647","0.0781476","0.283647","4.05","207.877","41.4509"
"4.71","0.000860768","0.00877178","0.288839","0.0423625","0.0322328","0.283647","0.0709117","0.283647","0.0781476","0.283647","4.05","207.877","41.4478"
"4.72","0.000860768","0.00877178","0.288839","0.0423625","0.0322328","0.283647","0.0709117","0.283647","0.0781476","0.283647","4.05","207.877","41.4447"
"4.73","0.000860768","0.00877178","0.288839","0.0423625","0.0322328","0.283647","0.0709117","0.283647","0.0781476","0.283647","4.05","207.877","41.4416"
"4.74","0.000860768","0.00877178","0.288839","0.0423625","0.0322328","0.283647","0.0709117","0.283647","0.0781476","0.283647","4.05","207.877","41.4385"
"4.75","0.000860768","0.00877178","0.288839","0.0423625","0.0322328","0.283647","0.0709117","0.283647","0.0781476","0.283647","4.05","207.877","41.4355"
"4.76","0.000860768","0.00877178","0.288839","0.0423625","0.0322328","0.283647","0.0709117","0.283647","0.0781476","0.283647","4.05","207.877","41.4324"
"4.77","0.000860768","0.00877178","0.288839","0.0423625","0.0322328","0.283647","0.0709117","0.283647","0.0781476","0.283647","4.05","207.877","41.4294"
"4.78","0.000860768","0.00877178","0.288839","0.0423625","0.0322328","0.283647","0.0709117","0.283647","0.0781476","0.283647","4.05","207.877","41.4264"
"4.79","0.000860768","0.00877178","0.288839","0.0423625","0.0322328","0.283647","0.0709117","0.283647","0.0781476","0.283647","4.05","207.877","41.4233"
"4.8","0.000860768","0.00877178","0.288839","0.0423625","0.0322328","0.283647","0.0709117","0.283647","0.0781476","0.283647","4.05","207.877","41.4203"
"4.81","0.000860768","0.00877178","0.288839","0.0423625","0.0322328","0.283647","0.0709117","0.283647","0.0781476","0.283647","4.05","207.877","41.4173"
"4.82","0.000860768","0.00877178","0.288839","0.0423625","0.0322328","0.283647","0.0709117","0.283647","0.0781476","0.283647","4.05","207.877","41.4143"
"4.83","0.000860768","0.00877178","0.288839","0.0423625","0.0322328","0.283647","0.0709117","0.283647","0.0781476","0.283647","4.05","207.877","41.4112"
"4.84","0.000860768","0.00877178","0.288839","0.0423625","0.0322328","0.283647","0.0709117","0.283647","0.0781476","0.283647","4.05","207.877","41.4082"
"4.85","0.000860768","0.00877178","0.288839","0.0423625","0.0322328","0.283647","0.0709117","0.283647","0.0781476","0.283647","4.05","207.877","41.4052"
"4.86","0.000860768","0.00877178","0.288839","0.0423625","0.0322328","0.283647","0.0709117","0.283647","0.0781476","0.283647","4.05","207.877","41.4021"
"4.87","0.000860768","0.00877178","0.288839","0.0423625","0.0322328","0.283647","0.0709117","0.283647","0.0781476","0.283647","4.05","207.877","41.3992"
"4.88","0.000860768","0.00877178","0.288839","0.0423625","0.0322328","0.283647","0.0709117","0.283647","0.0781476","0.283647","4.05","207.877","41.3962"
"4.89","0.000860768","0.00877178","0.288839","0.0423625","0.0322328","0.283647","0.0709117","0.283647","0.0781476","0.283647","4.05","207.877","41.3933"
"4.9","0.000860768","0.00877178","0.288839","0.0423625","0.0322328","0.283647","0.0709117","0.283647","0.0781476","0.283647","4.05","207.877","41.3903"
"4.91","0.000860768","0.00877178","0.288839","0.0423625","0.0322328","0.283647","0.0709117","0.283647","0.0781476","0.283647","4.05","207.877","41.3873"
"4.92","0.000860768","0.00877178","0.288839","0.0423625","0.0322328","0.283647","0.0709117","0.283647","0.0781476","0.283647","4.05","207.877","41.3844"
"4.93","0.000860768","0.00877178","0.288839","0.0423625","0.0322328","0.283647","0.0709117","0.283647","0.0781476","0.283647","4.05","207.877","41.3814"
"4.94","0.000860768","0.00877178","0.288839","0.0423625","0.0322328","0.283647","0.0709117","0.283647","0.0781476","0.283647","4.05","207.877","41.3785"
"4.95","0.000860768","0.00877178","0.288839","0.0423625","0.0322328","0.283647","0.0709117","0.283647","0.0781476","0.283647","4.05","207.877","41.3755"
"4.96","0.000860768","0.00877178","0.288839","0.0423625","0.0322328","0.283647","0.0709117","0.283647","0.0781476","0.283647","4.05","207.877","41.3725"
"4.97","0.000860768","0.00877178","0.288839","0.0423625","0.0322328","0.283647","0.0709117","0.283647","0.0781476","0.283647","4.05","207.877","41.3696"
"4.98","0.000860768","0.00877178","0.288839","0.0423625","0.0322328","0.283647","0.0709117","0.283647","0.0781476","0.283647","4.05","207.877","41.3666"
"4.99","0.000860768","0.00877178","0.288839","0.0423625","0.0322328","0.283647","0.0709117","0.283647","0.0781476","0.283647","4.05","207.877","41.3637"
"5","0.000860768","0.00877178","0.288839","0.0423625","0.0322328","0.283647","0.0709117","0.283647","0.0781476","0.283647","4.05","207.877","41.3608"
"5.01","0.000860768","0.00877178","0.288839","0.0423625","0.0322328","0.283647","0.0709117","0.283647","0.0781476","0.283647","4.05","207.877","41.3579"
"5.02","0.000860768","0.00877178","0.288839","0.0423625","0.0322328","0.283647","0.0709117","0.283647","0.0781476","0.283647","4.05","207.877","41.355"
"5.03","0.000860768","0.00877178","0.288839","0.0423625","0.0322328","0.283647","0.0709117","0.283647","0.0781476","0.283647","4.05","207.877","41.3521"
"5.04","0.000860768","0.00877178","0.288839","0.0423625","0.0322328","0.283647","0.0709117","0.283647","0.0781476","0.283647","4.05","207.877","41.3493"
"5.05","0.000860768","0.00877178","0.288839","0.0423625","0.0322328","0.283647","0.0709117","0.283647","0.0781476","0.283647","4.05","207.877","41.3464"
"5.06","0.000860768","0.00877178","0.288839","0.0423625","0.0322328","0.283647","0.0709117","0.283647","0.0781476","0.283647","4.05","207.877","41.3435"
"5.07","0.000860768","0.00877178","0.288839","0.0423625","0.0322328","0.283647","0.0709117","0.283647","0.0781476","0.283647","4.05","207.877","41.3406"
"5.08","0.000860768","0.00877178","0.288839","0.0423625","0.0322328","0.283647","0.0709117","0.283647","0.0781476","0.283647","4.05","207.877","41.3377"
"5.09","0.000860768","0.00877178","0.288839","0.0423625","0.0322328","0.283647","0.0709117","0.283647","0.0781476","0.283647","4.05","207.877","41.3348"
"5.1","0.000860768","0.00877178","0.288839","0.0423625","0.0322328","0.283647","0.0709117","0.283647","0.0781476","0.283647","4.05","207.877","41.332"
"5.11","0.000860768","0.00877178","0.288839","0.0423625","0.0322328","0.283647","0.0709117","0.283647","0.0781476","0.283647","4.05","207.877","41.3292"
"5.12","0.000860768","0.00877178","0.288839","0.0423625","0.0322328","0.283647","0.0709117","0.283647","0.0781476","0.283647","4.05","207.877","41.3263"
"5.13","0.000860769","0.00877178","0.288839","0.0423625","0.0322328","0.283647","0.0709117","0.283647","0.0781476","0.283647","4.05","207.877","41.3235"
"5.14","0.000860769","0.00877178","0.288839","0.0423625","0.0322328","0.283647","0.0709117","0.283647","0.0781476","0.283647","4.05","207.877","41.3206"
"5.15","0.000860769","0.00877178","0.288839","0.0423625","0.0322328","0.283647","0.0709117","0.283647","0.0781476","0.283647","4.05","207.877","41.3178"
"5.16","0.000860769","0.00877178","0.288839","0.0423625","0.0322328","0.283647","0.0709117","0.283647","0.0781476","0.283647","4.05","207.877","41.315"
"5.17","0.000860769","0.00877178","0.288839","0.0423625","0.0322328","0.283647","0.0709117","0.283647","0.0781476","0.283647","4.05","207.877","41.3121"
"5.18","0.000860769","0.00877178","0.288839","0.0423625","0.0322328","0.283647","0.0709117","0.283647","0.0781476","0.283647","4.05","207.877","41.3093"
"5.19","0.000860769","0.00877178","0.288839","0.0423625","0.0322328","0.283647","0.0709117","0.283647","0.0781476","0.283647","4.05","207.877","41.3065"
"5.2","0.000860769","0.00877178","0.288839","0.0423625","0.0322328","0.283647","0.0709117","0.283647","0.0781476","0.283647","4.05","207.877","41.3037"
"5.21","0.000860769","0.00877178","0.288839","0.0423625","0.0322328","0.283647","0.0709117","0.283647","0.0781476","0.283647","4.05","207.877","41.3009"
"5.22","0.000860769","0.00877178","0.288839","0.0423625","0.0322328","0.283647","0.0709117","0.283647","0.0781476","0.283647","4.05","207.877","41.298"
"5.23","0.000860769","0.00877178","0.288839","0.0423625","0.0322328","0.283647","0.0709117","0.283647","0.0781476","0.283647","4.05","207.877","41.2952"
