"Time","conc_molH","conc_molMET","conc_molSTY","conc_molTOL","conc_molWAT","liqlevel","liqlevel_l2","Q","QCum","T","P"
"0","0.0484016","0.65897","3.05178","0.785609","2.6904","5.13052","0.739547","-1.86383","-45.6445","43.6974","2.62234"
"0.01","0.0484015","0.658997","3.05188","0.785554","2.69013","5.13051","0.739534","-1.86383","-45.6632","43.6903","2.6222"
"0.02","0.0484014","0.659023","3.05198","0.785498","2.68985","5.1305","0.73952","-1.86383","-45.6818","43.6823","2.62202"
"0.03","0.0484006","0.659049","3.05208","0.785443","2.68958","5.13048","0.73951","-1.86383","-45.7004","43.6743","2.62184"
"0.04","0.0483999","0.659075","3.05218","0.785387","2.6893","5.13047","0.7395","-1.86383","-45.7191","43.6663","2.62163"
"0.05","0.0483989","0.659102","3.05228","0.785332","2.68903","5.13046","0.739489","-1.86383","-45.7377","43.6583","2.62143"
"0.06","0.0483972","0.659128","3.05238","0.785276","2.68875","5.13045","0.739479","-1.86383","-45.7564","43.6503","2.62118"
"0.07","0.0483954","0.659154","3.05248","0.785221","2.68848","5.13043","0.739469","-1.86383","-45.775","43.6423","2.62094"
"0.08","0.0483937","0.65918","3.05258","0.785166","2.6882","5.13042","0.739459","-1.86383","-45.7936","43.6344","2.6207"
"0.09","0.0483913","0.659206","3.05268","0.78511","2.68793","5.13041","0.739448","-1.86383","-45.8123","43.6265","2.62042"
"0.1","0.0483888","0.659233","3.05278","0.785056","2.68767","5.13039","0.739438","-1.86383","-45.8309","43.6186","2.62014"
"0.11","0.0483864","0.659259","3.05288","0.785002","2.6874","5.13038","0.739428","-1.86383","-45.8495","43.6106","2.61986"
"0.12","0.0483831","0.659285","3.05298","0.784948","2.68713","5.13037","0.739418","-1.86383","-45.8682","43.6027","2.61954"
"0.13","0.0483799","0.659311","3.05308","0.784895","2.68686","5.13035","0.739407","-1.86383","-45.8868","43.5948","2.61922"
"0.14","0.0483764","0.659338","3.05318","0.784841","2.68659","5.13034","0.739397","-1.86383","-45.9055","43.5869","2.61889"
"0.15","0.0483729","0.659364","3.05328","0.784787","2.68632","5.13033","0.739387","-1.86383","-45.9241","43.5789","2.61856"
"0.16","0.0483694","0.65939","3.05338","0.784733","2.68606","5.13032","0.739377","-1.86383","-45.9427","43.571","2.61823"
"0.17","0.0483651","0.659416","3.05348","0.784679","2.68579","5.1303","0.73937","-1.86383","-45.9614","43.5626","2.61785"
"0.18","0.0483608","0.659443","3.05358","0.784625","2.68552","5.13029","0.739364","-1.86383","-45.98","43.5542","2.61747"
"0.19","0.0483563","0.659469","3.05368","0.784571","2.68526","5.13028","0.739357","-1.86383","-45.9987","43.5458","2.61708"
"0.2","0.0483517","0.659495","3.05377","0.784519","2.685","5.13026","0.739351","-1.86383","-46.0173","43.5374","2.61669"
"0.21","0.0483472","0.659521","3.05387","0.784466","2.68473","5.13025","0.739344","-1.86383","-46.0359","43.529","2.61629"
"0.22","0.0483419","0.659548","3.05396","0.784413","2.68447","5.13024","0.739338","-1.86383","-46.0546","43.5205","2.61586"
"0.23","0.0483365","0.659574","3.05406","0.784361","2.68421","5.13022","0.739333","-1.86383","-46.0732","43.5121","2.61543"
"0.24","0.048331","0.6596","3.05416","0.784308","2.68395","5.13021","0.739327","-1.86383","-46.0918","43.5037","2.61499"
"0.25","0.0483254","0.659626","3.05425","0.784256","2.68369","5.1302","0.739322","-1.86383","-46.1105","43.4952","2.61454"
"0.26","0.0483199","0.659651","3.05435","0.784203","2.68343","5.13019","0.739317","-1.86383","-46.1291","43.4868","2.6141"
"0.27","0.0483136","0.659677","3.05445","0.784151","2.68316","5.13017","0.739312","-1.86383","-46.1478","43.4784","2.61362"
"0.28","0.0483073","0.659702","3.05454","0.784098","2.68291","5.13016","0.739307","-1.86383","-46.1664","43.47","2.61314"
"0.29","0.0483008","0.659728","3.05464","0.784046","2.68265","5.13015","0.739302","-1.86383","-46.185","43.4615","2.61265"
"0.3","0.0482943","0.659753","3.05474","0.783994","2.6824","5.13014","0.739297","-1.86383","-46.2037","43.4531","2.61215"
"0.31","0.0482878","0.659779","3.05483","0.783943","2.68214","5.13013","0.739292","-1.86383","-46.2223","43.4447","2.61166"
"0.32","0.0482806","0.659804","3.05493","0.783892","2.68189","5.13012","0.739287","-1.86383","-46.2409","43.4362","2.61116"
"0.33","0.0482734","0.65983","3.05503","0.783841","2.68163","5.13011","0.739281","-1.86383","-46.2596","43.4278","2.61063"
"0.34","0.0482659","0.659855","3.05512","0.78379","2.68138","5.13011","0.739276","-1.86383","-46.2782","43.4194","2.61009"
"0.35","0.0482583","0.659881","3.05522","0.783738","2.68112","5.1301","0.739271","-1.86383","-46.2969","43.4109","2.60955"
"0.36","0.0482508","0.659906","3.05532","0.783687","2.68087","5.13009","0.739266","-1.86383","-46.3155","43.4025","2.60902"
"0.37","0.0482433","0.659932","3.05541","0.783636","2.68061","5.13008","0.739261","-1.86383","-46.3341","43.3941","2.60848"
"0.38","0.048235","0.659957","3.05551","0.783585","2.68036","5.13007","0.739256","-1.86383","-46.3528","43.3859","2.60791"
"0.39","0.0482267","0.659983","3.0556","0.783534","2.68011","5.13006","0.739251","-1.86383","-46.3714","43.3777","2.60733"
"0.4","0.0482184","0.660008","3.05569","0.783482","2.67987","5.13005","0.739246","-1.86383","-46.3901","43.3696","2.60675"
"0.41","0.04821","0.660034","3.05579","0.783433","2.67962","5.13004","0.739241","-1.86383","-46.4087","43.3614","2.60618"
"0.42","0.0482017","0.660059","3.05588","0.783383","2.67937","5.13003","0.739235","-1.86383","-46.4273","43.3532","2.6056"
"0.43","0.0481926","0.660083","3.05597","0.783333","2.67912","5.13002","0.73923","-1.86383","-46.446","43.3451","2.60499"
"0.44","0.0481835","0.660108","3.05606","0.783283","2.67887","5.13002","0.739225","-1.86383","-46.4646","43.3369","2.60438"
"0.45","0.0481744","0.660133","3.05616","0.783233","2.67863","5.13001","0.73922","-1.86383","-46.4832","43.3287","2.60377"
"0.46","0.0481653","0.660157","3.05625","0.783183","2.67838","5.13","0.739215","-1.86383","-46.5019","43.3207","2.60316"
"0.47","0.0481563","0.660182","3.05634","0.783133","2.67813","5.12999","0.73921","-1.86383","-46.5205","43.3127","2.60255"
"0.48","0.0481464","0.660207","3.05644","0.783083","2.67788","5.12998","0.739205","-1.86383","-46.5392","43.3047","2.6019"
"0.49","0.0481366","0.660232","3.05653","0.783034","2.67764","5.12997","0.7392","-1.86383","-46.5578","43.2967","2.60126"
"0.5","0.0481268","0.660256","3.05662","0.782984","2.6774","5.12996","0.739195","-1.86383","-46.5764","43.2887","2.60061"
"0.51","0.048117","0.660281","3.05672","0.782935","2.67715","5.12995","0.73919","-1.86383","-46.5951","43.2808","2.59996"
"0.52","0.0481072","0.660306","3.05681","0.782886","2.67691","5.12994","0.739185","-1.86383","-46.6137","43.2729","2.59932"
"0.53","0.0480967","0.66033","3.0569","0.782838","2.67667","5.12994","0.73918","-1.86383","-46.6323","43.265","2.59864"
"0.54","0.0480862","0.660355","3.057","0.782789","2.67643","5.12993","0.739175","-1.86383","-46.651","43.2571","2.59797"
"0.55","0.0480757","0.66038","3.05709","0.78274","2.67619","5.12992","0.73917","-1.86383","-46.6696","43.2492","2.59729"
"0.56","0.0480653","0.660405","3.05718","0.782692","2.67595","5.12991","0.739165","-1.86383","-46.6883","43.2414","2.59661"
"0.57","0.0480548","0.660429","3.05727","0.782643","2.6757","5.1299","0.73916","-1.86383","-46.7069","43.2336","2.59594"
"0.58","0.0480437","0.660453","3.05737","0.782594","2.67546","5.12989","0.739155","-1.86383","-46.7255","43.2258","2.59523"
"0.59","0.0480326","0.660477","3.05746","0.782546","2.67523","5.12988","0.73915","-1.86383","-46.7442","43.218","2.59453"
"0.6","0.0480215","0.6605","3.05755","0.782497","2.67499","5.12988","0.739145","-1.86383","-46.7628","43.2103","2.59382"
"0.61","0.0480104","0.660524","3.05764","0.782449","2.67476","5.12987","0.73914","-1.86383","-46.7815","43.2026","2.59311"
"0.62","0.0479992","0.660548","3.05773","0.782402","2.67452","5.12986","0.739135","-1.86383","-46.8001","43.1949","2.59241"
"0.63","0.0479876","0.660572","3.05782","0.782354","2.67428","5.12986","0.739131","-1.86383","-46.8187","43.1872","2.59168"
"0.64","0.0479759","0.660595","3.05791","0.782307","2.67405","5.12985","0.739126","-1.86383","-46.8374","43.1796","2.59094"
"0.65","0.0479642","0.660619","3.058","0.782259","2.67381","5.12985","0.739121","-1.86383","-46.856","43.1719","2.59021"
"0.66","0.0479525","0.660643","3.05809","0.782212","2.67358","5.12984","0.739116","-1.86383","-46.8746","43.1643","2.58948"
"0.67","0.0479408","0.660667","3.05818","0.782164","2.67334","5.12983","0.739111","-1.86383","-46.8933","43.1568","2.58875"
"0.68","0.0479286","0.66069","3.05826","0.782117","2.67311","5.12983","0.739106","-1.86383","-46.9119","43.1492","2.58799"
"0.69","0.0479164","0.660714","3.05835","0.782069","2.67288","5.12982","0.739101","-1.86383","-46.9306","43.1417","2.58723"
"0.7","0.0479041","0.660738","3.05844","0.782022","2.67265","5.12982","0.739096","-1.86383","-46.9492","43.1341","2.58648"
"0.71","0.0478919","0.660762","3.05853","0.781976","2.67242","5.12981","0.739091","-1.86383","-46.9678","43.1266","2.58572"
"0.72","0.0478797","0.660785","3.05862","0.781929","2.67219","5.1298","0.739086","-1.86383","-46.9865","43.1192","2.58496"
"0.73","0.047867","0.660809","3.05871","0.781883","2.67196","5.1298","0.739081","-1.86383","-47.0051","43.1117","2.58418"
"0.74","0.0478543","0.660832","3.0588","0.781836","2.67173","5.12979","0.739076","-1.86383","-47.0237","43.1043","2.5834"
"0.75","0.0478415","0.660855","3.05889","0.78179","2.6715","5.12979","0.739071","-1.86383","-47.0424","43.0968","2.58262"
"0.76","0.0478288","0.660877","3.05898","0.781744","2.67127","5.12978","0.739066","-1.86383","-47.061","43.0895","2.58184"
"0.77","0.0478161","0.6609","3.05907","0.781697","2.67104","5.12977","0.739061","-1.86383","-47.0797","43.0821","2.58107"
"0.78","0.0478029","0.660923","3.05916","0.781651","2.67081","5.12977","0.739056","-1.86383","-47.0983","43.0748","2.58026"
"0.79","0.0477897","0.660946","3.05925","0.781605","2.67058","5.12976","0.739051","-1.86383","-47.1169","43.0674","2.57946"
"0.8","0.0477766","0.660968","3.05933","0.781558","2.67036","5.12976","0.739046","-1.86383","-47.1356","43.0601","2.57866"
"0.81","0.0477634","0.660991","3.05942","0.781513","2.67013","5.12975","0.739041","-1.86383","-47.1542","43.0528","2.57786"
"0.82","0.0477502","0.661014","3.05951","0.781468","2.66991","5.12974","0.739036","-1.86383","-47.1728","43.0456","2.57706"
"0.83","0.0477366","0.661037","3.05959","0.781423","2.66969","5.12974","0.739031","-1.86383","-47.1915","43.0383","2.57624"
"0.84","0.047723","0.661059","3.05968","0.781377","2.66946","5.12973","0.739026","-1.86383","-47.2101","43.0311","2.57542"
"0.85","0.0477094","0.661082","3.05977","0.781332","2.66924","5.12973","0.739021","-1.86383","-47.2288","43.0239","2.5746"
"0.86","0.0476958","0.661105","3.05985","0.781287","2.66901","5.12972","0.739016","-1.86383","-47.2474","43.0167","2.57378"
"0.87","0.0476822","0.661128","3.05994","0.781242","2.66879","5.12971","0.739011","-1.86383","-47.266","43.0096","2.57296"
"0.88","0.0476682","0.661149","3.06003","0.781196","2.66856","5.12971","0.739006","-1.86383","-47.2847","43.0024","2.57213"
"0.89","0.0476542","0.661171","3.06011","0.781151","2.66835","5.1297","0.739001","-1.86383","-47.3033","42.9953","2.57129"
"0.9","0.0476402","0.661193","3.0602","0.781106","2.66813","5.1297","0.738997","-1.86383","-47.322","42.9881","2.57045"
"0.91","0.0476262","0.661214","3.06029","0.781061","2.66791","5.12969","0.738992","-1.86383","-47.3406","42.9811","2.56961"
"0.92","0.0476122","0.661236","3.06037","0.781017","2.66769","5.12968","0.738987","-1.86383","-47.3592","42.974","2.56877"
"0.93","0.0475979","0.661258","3.06046","0.780973","2.66747","5.12968","0.738982","-1.86383","-47.3779","42.967","2.56793"
"0.94","0.0475835","0.661279","3.06055","0.780929","2.66725","5.12967","0.738977","-1.86383","-47.3965","42.9599","2.56707"
"0.95","0.0475691","0.661301","3.06063","0.780885","2.66703","5.12967","0.738972","-1.86383","-47.4151","42.9529","2.56622"
"0.96","0.0475548","0.661323","3.06072","0.780841","2.66681","5.12967","0.738967","-1.86383","-47.4338","42.946","2.56536"
"0.97","0.0475404","0.661344","3.06081","0.780797","2.6666","5.12966","0.738962","-1.86383","-47.4524","42.939","2.5645"
"0.98","0.0475257","0.661366","3.06089","0.780753","2.66638","5.12966","0.738957","-1.86383","-47.4711","42.9321","2.56365"
"0.99","0.047511","0.661388","3.06098","0.780709","2.66616","5.12965","0.738952","-1.86383","-47.4897","42.9251","2.56278"
"1","0.0474963","0.66141","3.06106","0.780665","2.66595","5.12965","0.738947","-1.86383","-47.5083","42.9182","2.56191"
"1.01","0.0474815","0.661431","3.06114","0.780621","2.66574","5.12965","0.738942","-1.86383","-47.527","42.9113","2.56104"
"1.02","0.0474668","0.661453","3.06123","0.780577","2.66552","5.12964","0.738937","-1.86383","-47.5456","42.9044","2.56017"
"1.03","0.0474521","0.661474","3.06131","0.780533","2.66531","5.12964","0.738932","-1.86383","-47.5642","42.8976","2.5593"
"1.04","0.0474371","0.661494","3.06139","0.78049","2.6651","5.12964","0.738927","-1.86383","-47.5829","42.8907","2.55842"
"1.05","0.047422","0.661515","3.06148","0.780447","2.66488","5.12963","0.738922","-1.86383","-47.6015","42.8839","2.55753"
"1.06","0.047407","0.661535","3.06156","0.780405","2.66467","5.12963","0.738917","-1.86383","-47.6202","42.8771","2.55665"
"1.07","0.0473919","0.661556","3.06164","0.780362","2.66446","5.12963","0.738912","-1.86383","-47.6388","42.8704","2.55577"
"1.08","0.0473769","0.661576","3.06173","0.780319","2.66425","5.12962","0.738907","-1.86383","-47.6574","42.8636","2.55488"
"1.09","0.0473616","0.661597","3.06181","0.780276","2.66403","5.12962","0.738902","-1.86383","-47.6761","42.8568","2.55399"
"1.1","0.0473463","0.661617","3.06189","0.780234","2.66382","5.12962","0.738897","-1.86383","-47.6947","42.8501","2.55309"
"1.11","0.047331","0.661638","3.06198","0.780191","2.66362","5.12961","0.738892","-1.86383","-47.7134","42.8433","2.5522"
"1.12","0.0473157","0.661659","3.06206","0.780148","2.66341","5.12961","0.738887","-1.86383","-47.732","42.8367","2.55131"
"1.13","0.0473004","0.661679","3.06214","0.780105","2.6632","5.12961","0.738882","-1.86383","-47.7506","42.8301","2.55041"
"1.14","0.0472848","0.6617","3.06223","0.780063","2.66299","5.1296","0.738877","-1.86383","-47.7693","42.8234","2.54951"
"1.15","0.0472693","0.66172","3.06231","0.78002","2.66279","5.1296","0.738872","-1.86383","-47.7879","42.8168","2.5486"
"1.16","0.0472538","0.661741","3.06239","0.779977","2.66258","5.12959","0.738867","-1.86383","-47.8065","42.8102","2.5477"
"1.17","0.0472382","0.661761","3.06248","0.779936","2.66237","5.12959","0.738863","-1.86383","-47.8252","42.8035","2.54679"
"1.18","0.0472227","0.661781","3.06256","0.779894","2.66216","5.12959","0.738858","-1.86383","-47.8438","42.7969","2.54588"
"1.19","0.0472069","0.6618","3.06264","0.779853","2.66195","5.12958","0.738853","-1.86383","-47.8625","42.7904","2.54498"
"1.2","0.0471911","0.66182","3.06272","0.779812","2.66175","5.12958","0.738848","-1.86383","-47.8811","42.7839","2.54406"
"1.21","0.0471754","0.661839","3.0628","0.77977","2.66155","5.12958","0.738843","-1.86383","-47.8997","42.7774","2.54315"
"1.22","0.0471596","0.661858","3.06288","0.779729","2.66134","5.12957","0.738838","-1.86383","-47.9184","42.7709","2.54223"
"1.23","0.0471438","0.661878","3.06296","0.779687","2.66114","5.12957","0.738833","-1.86383","-47.937","42.7644","2.54132"
"1.24","0.0471279","0.661897","3.06304","0.779646","2.66094","5.12957","0.738828","-1.86383","-47.9556","42.7578","2.5404"
"1.25","0.0471119","0.661917","3.06312","0.779604","2.66074","5.12956","0.738823","-1.86383","-47.9743","42.7513","2.53948"
"1.26","0.0470959","0.661936","3.0632","0.779563","2.66053","5.12956","0.738818","-1.86383","-47.9929","42.7448","2.53856"
"1.27","0.0470799","0.661956","3.06328","0.779522","2.66033","5.12956","0.738813","-1.86383","-48.0116","42.7385","2.53763"
"1.28","0.0470639","0.661975","3.06336","0.77948","2.66013","5.12955","0.738808","-1.86383","-48.0302","42.7321","2.53671"
"1.29","0.047048","0.661994","3.06345","0.779439","2.65992","5.12955","0.738803","-1.86383","-48.0488","42.7257","2.53579"
"1.3","0.0470318","0.662014","3.06353","0.779398","2.65973","5.12955","0.738798","-1.86383","-48.0675","42.7193","2.53486"
"1.31","0.0470156","0.662033","3.06361","0.779358","2.65953","5.12954","0.738793","-1.86383","-48.0861","42.713","2.53393"
"1.32","0.0469995","0.662052","3.06369","0.779318","2.65933","5.12954","0.738788","-1.86383","-48.1048","42.7066","2.533"
"1.33","0.0469833","0.66207","3.06377","0.779278","2.65913","5.12954","0.738783","-1.86383","-48.1234","42.7002","2.53206"
"1.34","0.0469671","0.662088","3.06385","0.779237","2.65893","5.12953","0.738778","-1.86383","-48.142","42.694","2.53113"
"1.35","0.0469508","0.662106","3.06393","0.779197","2.65874","5.12953","0.738773","-1.86383","-48.1607","42.6877","2.5302"
"1.36","0.0469345","0.662125","3.06401","0.779157","2.65854","5.12952","0.738768","-1.86383","-48.1793","42.6815","2.52927"
"1.37","0.0469182","0.662143","3.06409","0.779116","2.65834","5.12952","0.738763","-1.86383","-48.1979","42.6752","2.52833"
"1.38","0.0469019","0.662161","3.06417","0.779076","2.65814","5.12952","0.738758","-1.86383","-48.2166","42.6689","2.52739"
"1.39","0.0468856","0.66218","3.06425","0.779036","2.65794","5.12952","0.738753","-1.86383","-48.2352","42.6627","2.52646"
"1.4","0.0468691","0.662198","3.06433","0.778996","2.65775","5.12952","0.738748","-1.86383","-48.2539","42.6564","2.52552"
"1.41","0.0468526","0.662216","3.0644","0.778955","2.65756","5.12952","0.738743","-1.86383","-48.2725","42.6502","2.52458"
"1.42","0.0468362","0.662235","3.06448","0.778916","2.65736","5.12952","0.738738","-1.86383","-48.2911","42.644","2.52364"
"1.43","0.0468197","0.662253","3.06456","0.778877","2.65717","5.12951","0.738733","-1.86383","-48.3098","42.6379","2.5227"
"1.44","0.0468033","0.662271","3.06464","0.778838","2.65698","5.12951","0.738729","-1.86383","-48.3284","42.6318","2.52175"
"1.45","0.0467868","0.662289","3.06471","0.778799","2.65678","5.12951","0.738724","-1.86383","-48.347","42.6257","2.52081"
"1.46","0.0467702","0.662306","3.06479","0.77876","2.65659","5.12951","0.738719","-1.86383","-48.3657","42.6195","2.51987"
"1.47","0.0467537","0.662323","3.06487","0.778721","2.6564","5.12951","0.738714","-1.86383","-48.3843","42.6134","2.51892"
"1.48","0.0467371","0.662341","3.06495","0.778682","2.6562","5.12951","0.738709","-1.86383","-48.403","42.6073","2.51798"
"1.49","0.0467205","0.662358","3.06502","0.778643","2.65601","5.12951","0.738704","-1.86383","-48.4216","42.6013","2.51703"
"1.5","0.0467039","0.662375","3.0651","0.778603","2.65582","5.1295","0.738699","-1.86383","-48.4402","42.5952","2.51609"
"1.51","0.0466872","0.662393","3.06518","0.778564","2.65563","5.1295","0.738694","-1.86383","-48.4589","42.5892","2.51514"
"1.52","0.0466706","0.66241","3.06526","0.778525","2.65544","5.1295","0.738689","-1.86383","-48.4775","42.5832","2.51419"
"1.53","0.0466539","0.662427","3.06533","0.778486","2.65525","5.1295","0.738684","-1.86383","-48.4961","42.5772","2.51324"
"1.54","0.0466372","0.662445","3.06541","0.778447","2.65506","5.1295","0.738679","-1.86383","-48.5148","42.5712","2.51229"
"1.55","0.0466205","0.662462","3.06549","0.778409","2.65487","5.1295","0.738675","-1.86383","-48.5334","42.5652","2.51134"
"1.56","0.0466038","0.66248","3.06557","0.778371","2.65469","5.12949","0.73867","-1.86383","-48.5521","42.5591","2.51039"
"1.57","0.0465871","0.662496","3.06564","0.778333","2.6545","5.12949","0.738665","-1.86383","-48.5707","42.5533","2.50945"
"1.58","0.0465703","0.662512","3.06572","0.778295","2.65431","5.12949","0.738661","-1.86383","-48.5893","42.5474","2.5085"
"1.59","0.0465535","0.662528","3.0658","0.778257","2.65412","5.12949","0.738656","-1.86383","-48.608","42.5415","2.50755"
"1.6","0.0465367","0.662545","3.06587","0.778219","2.65393","5.12949","0.738652","-1.86383","-48.6266","42.5356","2.50659"
"1.61","0.0465199","0.662561","3.06595","0.778181","2.65375","5.12949","0.738647","-1.86383","-48.6453","42.5297","2.50564"
"1.62","0.0465031","0.662577","3.06602","0.778143","2.65357","5.12949","0.738642","-1.86383","-48.6639","42.5238","2.50469"
"1.63","0.0464863","0.662594","3.0661","0.778105","2.65338","5.12948","0.738638","-1.86383","-48.6825","42.5179","2.50374"
"1.64","0.0464695","0.66261","3.06617","0.778067","2.6532","5.12948","0.738633","-1.86383","-48.7012","42.512","2.50278"
"1.65","0.0464527","0.662626","3.06624","0.778029","2.65301","5.12948","0.738629","-1.86383","-48.7198","42.5063","2.50183"
"1.66","0.0464358","0.662643","3.06632","0.777991","2.65283","5.12948","0.738624","-1.86383","-48.7384","42.5005","2.50088"
"1.67","0.046419","0.662659","3.06639","0.777953","2.65264","5.12948","0.738619","-1.86383","-48.7571","42.4947","2.49993"
"1.68","0.0464021","0.662675","3.06647","0.777917","2.65246","5.12948","0.738615","-1.86383","-48.7757","42.4889","2.49897"
"1.69","0.0463852","0.662691","3.06654","0.77788","2.65227","5.12948","0.73861","-1.86383","-48.7944","42.4831","2.49802"
"1.7","0.0463683","0.662707","3.06662","0.777843","2.65209","5.12947","0.738605","-1.86383","-48.813","42.4773","2.49707"
"1.71","0.0463514","0.662722","3.06669","0.777806","2.65191","5.12947","0.738601","-1.86383","-48.8316","42.4716","2.49612"
"1.72","0.0463346","0.662737","3.06677","0.777769","2.65173","5.12947","0.738596","-1.86383","-48.8503","42.4659","2.49516"
"1.73","0.0463177","0.662753","3.06684","0.777733","2.65155","5.12947","0.738592","-1.86383","-48.8689","42.4602","2.49421"
"1.74","0.0463008","0.662768","3.06692","0.777696","2.65137","5.12947","0.738587","-1.86383","-48.8875","42.4546","2.49326"
"1.75","0.0462839","0.662783","3.06699","0.777659","2.65119","5.12947","0.738582","-1.86383","-48.9062","42.4489","2.49231"
"1.76","0.046267","0.662799","3.06707","0.777622","2.65101","5.12946","0.738578","-1.86383","-48.9248","42.4432","2.49136"
"1.77","0.0462501","0.662814","3.06714","0.777586","2.65083","5.12946","0.738573","-1.86383","-48.9435","42.4376","2.4904"
"1.78","0.0462332","0.662829","3.06721","0.777549","2.65065","5.12946","0.738569","-1.86383","-48.9621","42.4319","2.48945"
"1.79","0.0462163","0.662845","3.06729","0.777512","2.65047","5.12946","0.738564","-1.86383","-48.9807","42.4262","2.4885"
"1.8","0.0461994","0.66286","3.06736","0.777475","2.65029","5.12946","0.738559","-1.86383","-48.9994","42.4206","2.48755"
"1.81","0.0461825","0.662875","3.06744","0.777438","2.65012","5.12946","0.738555","-1.86383","-49.018","42.4151","2.4866"
"1.82","0.0461656","0.66289","3.06751","0.777402","2.64994","5.12946","0.73855","-1.86383","-49.0367","42.4095","2.48565"
"1.83","0.0461487","0.662904","3.06758","0.777366","2.64976","5.12945","0.738546","-1.86383","-49.0553","42.4039","2.48469"
"1.84","0.0461318","0.662918","3.06765","0.777331","2.64959","5.12945","0.738541","-1.86383","-49.0739","42.3984","2.48374"
"1.85","0.0461149","0.662932","3.06772","0.777295","2.64941","5.12945","0.738536","-1.86383","-49.0926","42.3928","2.48279"
"1.86","0.0460981","0.662947","3.06779","0.777259","2.64924","5.12945","0.738532","-1.86383","-49.1112","42.3872","2.48184"
"1.87","0.0460812","0.662961","3.06787","0.777224","2.64906","5.12945","0.738527","-1.86383","-49.1298","42.3818","2.48089"
"1.88","0.0460643","0.662975","3.06794","0.777188","2.64889","5.12945","0.738522","-1.86383","-49.1485","42.3763","2.47994"
"1.89","0.0460474","0.66299","3.06801","0.777153","2.64871","5.12944","0.738518","-1.86383","-49.1671","42.3709","2.47898"
"1.9","0.0460305","0.663004","3.06808","0.777117","2.64853","5.12944","0.738513","-1.86383","-49.1858","42.3654","2.47803"
"1.91","0.0460136","0.663018","3.06815","0.777082","2.64836","5.12944","0.738509","-1.86383","-49.2044","42.3599","2.47709"
"1.92","0.0459967","0.663033","3.06823","0.777046","2.64819","5.12945","0.738504","-1.86383","-49.223","42.3545","2.47614"
"1.93","0.0459798","0.663047","3.0683","0.777011","2.64802","5.12945","0.738499","-1.86383","-49.2417","42.349","2.47519"
"1.94","0.0459629","0.663061","3.06837","0.776975","2.64785","5.12945","0.738495","-1.86383","-49.2603","42.3436","2.47424"
"1.95","0.045946","0.663074","3.06844","0.77694","2.64768","5.12945","0.73849","-1.86383","-49.2789","42.3382","2.4733"
"1.96","0.0459291","0.663088","3.06851","0.776904","2.6475","5.12945","0.738486","-1.86383","-49.2976","42.3328","2.47235"
"1.97","0.0459122","0.663101","3.06858","0.776868","2.64733","5.12945","0.738481","-1.86383","-49.3162","42.3275","2.4714"
"1.98","0.0458953","0.663114","3.06866","0.776834","2.64716","5.12945","0.738476","-1.86383","-49.3349","42.3221","2.47045"
"1.99","0.0458784","0.663128","3.06873","0.7768","2.64699","5.12946","0.738472","-1.86383","-49.3535","42.3168","2.46951"
"2","0.0458615","0.663141","3.0688","0.776765","2.64682","5.12946","0.738467","-1.86383","-49.3721","42.3114","2.46856"
"2.01","0.0458446","0.663154","3.06887","0.776731","2.64665","5.12946","0.738463","-1.86383","-49.3908","42.3061","2.46762"
"2.02","0.0458277","0.663167","3.06894","0.776697","2.64648","5.12946","0.738458","-1.86383","-49.4094","42.3007","2.46668"
"2.03","0.0458108","0.663181","3.06901","0.776662","2.64631","5.12946","0.738454","-1.86383","-49.4281","42.2954","2.46573"
"2.04","0.0457939","0.663194","3.06908","0.776628","2.64614","5.12946","0.738449","-1.86383","-49.4467","42.2902","2.46479"
"2.05","0.045777","0.663207","3.06915","0.776593","2.64598","5.12946","0.738445","-1.86383","-49.4653","42.2849","2.46385"
"2.06","0.0457601","0.663221","3.06922","0.776559","2.64581","5.12947","0.73844","-1.86383","-49.484","42.2796","2.46291"
"2.07","0.0457432","0.663234","3.06928","0.776525","2.64564","5.12947","0.738436","-1.86383","-49.5026","42.2743","2.46196"
"2.08","0.0457263","0.663246","3.06935","0.77649","2.64547","5.12947","0.738471","-1.86383","-49.5212","42.2612","2.4609"
"2.09","0.0457094","0.663259","3.06942","0.776456","2.64531","5.12947","0.738449","-1.86383","-49.5399","42.2597","2.46003"
"2.1","0.0456925","0.663271","3.06949","0.776422","2.64514","5.12947","0.738427","-1.86383","-49.5585","42.2581","2.45915"
"2.11","0.0456756","0.663283","3.06956","0.776387","2.64497","5.12948","0.738404","-1.86383","-49.5772","42.2566","2.4583"
"2.12","0.0456587","0.663296","3.06963","0.776353","2.6448","5.12949","0.738382","-1.86383","-49.5958","42.255","2.45745"
"2.13","0.0456425","0.663308","3.0697","0.776318","2.64464","5.1295","0.738359","-1.86383","-49.6144","42.2534","2.45659"
"2.14","0.0456263","0.663321","3.06977","0.776285","2.64447","5.12951","0.738337","-1.86383","-49.6331","42.2519","2.45576"
"2.15","0.0456101","0.663333","3.06984","0.776252","2.64431","5.12952","0.738315","-1.86383","-49.6517","42.2503","2.45492"
"2.16","0.0455943","0.663345","3.06991","0.776219","2.64414","5.12953","0.738292","-1.86383","-49.6703","42.2488","2.4541"
"2.17","0.0455785","0.663358","3.06998","0.776186","2.64398","5.12954","0.73827","-1.86383","-49.689","42.2472","2.45328"
"2.18","0.0455627","0.66337","3.07005","0.776152","2.64381","5.12955","0.738247","-1.86383","-49.7076","42.2456","2.45247"
"2.19","0.0455469","0.663381","3.07012","0.776119","2.64365","5.12956","0.738225","-1.86383","-49.7263","42.2441","2.45165"
"2.2","0.0455317","0.663393","3.07018","0.776086","2.64348","5.12957","0.738203","-1.86383","-49.7449","42.2425","2.45085"
"2.21","0.0455164","0.663404","3.07025","0.776053","2.64331","5.12958","0.73818","-1.86383","-49.7635","42.2409","2.45006"
"2.22","0.0455011","0.663415","3.07032","0.77602","2.64315","5.12959","0.738158","-1.86383","-49.7822","42.2394","2.44927"
"2.23","0.0454858","0.663426","3.07039","0.775986","2.64298","5.1296","0.738135","-1.86383","-49.8008","42.2378","2.44847"
"2.24","0.0454705","0.663437","3.07046","0.775953","2.64282","5.12961","0.738113","-1.86383","-49.8194","42.2363","2.44768"
"2.25","0.0454557","0.663449","3.07052","0.77592","2.64265","5.12962","0.738091","-1.86383","-49.8381","42.2347","2.44691"
"2.26","0.0454409","0.66346","3.07059","0.775887","2.64249","5.12964","0.738068","-1.86383","-49.8567","42.233","2.44614"
"2.27","0.0454261","0.663471","3.07066","0.775855","2.64232","5.12965","0.738046","-1.86383","-49.8754","42.2313","2.44537"
"2.28","0.0454113","0.663482","3.07072","0.775823","2.64216","5.12966","0.738024","-1.86383","-49.894","42.2297","2.4446"
"2.29","0.0453965","0.663494","3.07079","0.77579","2.64199","5.12967","0.738001","-1.86383","-49.9126","42.228","2.44383"
"2.3","0.0453822","0.663505","3.07086","0.775758","2.64182","5.12968","0.737979","-1.86383","-49.9313","42.2263","2.44308"
"2.31","0.0453679","0.663516","3.07092","0.775726","2.64166","5.12969","0.737956","-1.86383","-49.9499","42.2246","2.44234"
"2.32","0.0453535","0.663527","3.07099","0.775694","2.64149","5.1297","0.737934","-1.86383","-49.9686","42.223","2.44159"
"2.33","0.0453392","0.663538","3.07106","0.775662","2.64133","5.12971","0.737912","-1.86383","-49.9872","42.2213","2.44084"
"2.34","0.0453248","0.663548","3.07113","0.77563","2.64116","5.12972","0.737889","-1.86383","-50.0058","42.2196","2.44009"
"2.35","0.0453109","0.663558","3.07119","0.775598","2.641","5.12973","0.737867","-1.86383","-50.0245","42.2179","2.43937"
"2.36","0.045297","0.663568","3.07126","0.775565","2.64084","5.12974","0.737844","-1.86383","-50.0431","42.2162","2.43864"
"2.37","0.0452831","0.663579","3.07133","0.775533","2.64067","5.12975","0.737822","-1.86383","-50.0617","42.2146","2.43792"
"2.38","0.0452692","0.663589","3.07139","0.775501","2.64051","5.12976","0.7378","-1.86383","-50.0804","42.2129","2.43719"
"2.39","0.0452553","0.663599","3.07146","0.775469","2.64035","5.12977","0.737778","-1.86383","-50.099","42.2112","2.43647"
"2.4","0.0452418","0.66361","3.07153","0.775437","2.64018","5.12978","0.737756","-1.86383","-50.1177","42.2095","2.43576"
"2.41","0.0452284","0.66362","3.07159","0.775406","2.64002","5.12979","0.737735","-1.86383","-50.1363","42.2079","2.43506"
"2.42","0.0452149","0.66363","3.07166","0.775375","2.63986","5.1298","0.737713","-1.86383","-50.1549","42.2062","2.43435"
"2.43","0.0452014","0.66364","3.07173","0.775344","2.63969","5.12981","0.737692","-1.86383","-50.1736","42.2045","2.43365"
"2.44","0.0451879","0.663651","3.07179","0.775313","2.63953","5.12982","0.73767","-1.86383","-50.1922","42.2028","2.43294"
"2.45","0.0451748","0.66366","3.07186","0.775282","2.63937","5.12983","0.737649","-1.86383","-50.2108","42.2012","2.43226"
"2.46","0.0451618","0.663669","3.07193","0.77525","2.6392","5.12984","0.737627","-1.86383","-50.2295","42.1995","2.43158"
"2.47","0.0451487","0.663679","3.07199","0.775219","2.63904","5.12985","0.737605","-1.86383","-50.2481","42.1978","2.43089"
"2.48","0.0451356","0.663688","3.07206","0.775188","2.63888","5.12986","0.737584","-1.86383","-50.2668","42.1961","2.43021"
"2.49","0.0451225","0.663697","3.07212","0.775157","2.63871","5.12987","0.737562","-1.86383","-50.2854","42.1944","2.42952"
"2.5","0.0451098","0.663707","3.07218","0.775126","2.63855","5.12988","0.737541","-1.86383","-50.304","42.1928","2.42886"
"2.51","0.0450971","0.663716","3.07225","0.775095","2.63839","5.12989","0.737519","-1.86383","-50.3227","42.1911","2.4282"
"2.52","0.0450844","0.663725","3.07231","0.775064","2.63822","5.1299","0.737498","-1.86383","-50.3413","42.1895","2.42753"
"2.53","0.0450717","0.663735","3.07238","0.775033","2.63806","5.12991","0.737476","-1.86383","-50.36","42.1878","2.42687"
"2.54","0.045059","0.663744","3.07244","0.775002","2.6379","5.12992","0.737455","-1.86383","-50.3786","42.1862","2.4262"
"2.55","0.0450467","0.663753","3.07251","0.774971","2.63773","5.12993","0.737433","-1.86383","-50.3972","42.1846","2.42556"
"2.56","0.0450344","0.663763","3.07257","0.774941","2.63757","5.12994","0.737411","-1.86383","-50.4159","42.1829","2.42491"
"2.57","0.045022","0.663772","3.07264","0.774911","2.63741","5.12995","0.73739","-1.86383","-50.4345","42.1813","2.42426"
"2.58","0.0450097","0.663781","3.0727","0.774881","2.63724","5.12996","0.737368","-1.86383","-50.4531","42.1796","2.42362"
"2.59","0.0449974","0.663791","3.07276","0.774851","2.63708","5.12997","0.737347","-1.86383","-50.4718","42.178","2.42297"
"2.6","0.0449854","0.6638","3.07283","0.774821","2.63692","5.12997","0.737325","-1.86383","-50.4904","42.1763","2.42234"
"2.61","0.0449734","0.663809","3.07289","0.774791","2.63676","5.12998","0.737304","-1.86383","-50.5091","42.1747","2.42172"
"2.62","0.0449615","0.663817","3.07296","0.774761","2.6366","5.12999","0.737282","-1.86383","-50.5277","42.1731","2.42109"
"2.63","0.0449495","0.663825","3.07302","0.774731","2.63644","5.13","0.73726","-1.86383","-50.5463","42.1714","2.42046"
"2.64","0.0449375","0.663834","3.07309","0.774701","2.63628","5.13001","0.737239","-1.86383","-50.565","42.1698","2.41983"
"2.65","0.0449259","0.663842","3.07315","0.774671","2.63612","5.13002","0.737217","-1.86383","-50.5836","42.1681","2.41922"
"2.66","0.0449142","0.66385","3.07322","0.774641","2.63596","5.13003","0.737196","-1.86383","-50.6022","42.1665","2.41861"
"2.67","0.0449026","0.663859","3.07328","0.774612","2.6358","5.13004","0.737174","-1.86383","-50.6209","42.1649","2.418"
"2.68","0.0448909","0.663867","3.07334","0.774582","2.63564","5.13005","0.737153","-1.86383","-50.6395","42.1632","2.41739"
"2.69","0.0448793","0.663876","3.07341","0.774552","2.63547","5.13005","0.737131","-1.86383","-50.6582","42.1616","2.41678"
"2.7","0.044868","0.663884","3.07347","0.774522","2.63531","5.13006","0.73711","-1.86383","-50.6768","42.1599","2.41618"
"2.71","0.0448567","0.663892","3.07354","0.774493","2.63515","5.13007","0.737088","-1.86383","-50.6954","42.1583","2.41559"
"2.72","0.0448454","0.663901","3.0736","0.774464","2.63499","5.13008","0.737066","-1.86383","-50.7141","42.1567","2.41499"
"2.73","0.044834","0.663909","3.07366","0.774435","2.63483","5.13009","0.737045","-1.86383","-50.7327","42.1551","2.4144"
"2.74","0.0448227","0.663918","3.07372","0.774406","2.63467","5.1301","0.737023","-1.86383","-50.7514","42.1535","2.4138"
"2.75","0.0448117","0.663926","3.07379","0.774377","2.63451","5.13011","0.737002","-1.86383","-50.77","42.1519","2.41323"
"2.76","0.0448007","0.663934","3.07385","0.774348","2.63435","5.13012","0.73698","-1.86383","-50.7886","42.1503","2.41265"
"2.77","0.0447897","0.663942","3.07391","0.774319","2.63419","5.13012","0.736959","-1.86383","-50.8073","42.1488","2.41207"
"2.78","0.0447787","0.663949","3.07397","0.774291","2.63403","5.13013","0.736937","-1.86383","-50.8259","42.1472","2.41149"
"2.79","0.0447677","0.663957","3.07404","0.774262","2.63387","5.13014","0.736915","-1.86383","-50.8445","42.1456","2.41091"
"2.8","0.044757","0.663965","3.0741","0.774233","2.63371","5.13015","0.736894","-1.86383","-50.8632","42.144","2.41035"
"2.81","0.0447463","0.663972","3.07416","0.774204","2.63354","5.13016","0.736873","-1.86383","-50.8818","42.1424","2.40978"
"2.82","0.0447356","0.66398","3.07422","0.774175","2.63339","5.13017","0.736852","-1.86383","-50.9005","42.1408","2.40922"
"2.83","0.0447248","0.663987","3.07428","0.774146","2.63323","5.13018","0.73683","-1.86383","-50.9191","42.1392","2.40866"
"2.84","0.0447141","0.663995","3.07435","0.774117","2.63307","5.13019","0.736809","-1.86383","-50.9377","42.1376","2.40809"
"2.85","0.0447037","0.664002","3.07441","0.774088","2.63291","5.1302","0.736788","-1.86383","-50.9564","42.136","2.40755"
"2.86","0.0446933","0.66401","3.07447","0.774061","2.63275","5.1302","0.736767","-1.86383","-50.975","42.1344","2.407"
"2.87","0.0446829","0.664017","3.07453","0.774033","2.63259","5.13021","0.736745","-1.86383","-50.9936","42.1328","2.40645"
"2.88","0.0446724","0.664025","3.07459","0.774005","2.63243","5.13022","0.736724","-1.86383","-51.0123","42.1312","2.4059"
"2.89","0.044662","0.664033","3.07466","0.773977","2.63228","5.13023","0.736703","-1.86383","-51.0309","42.1296","2.40536"
"2.9","0.0446519","0.66404","3.07472","0.773949","2.63212","5.13024","0.736682","-1.86383","-51.0496","42.128","2.40481"
"2.91","0.0446418","0.664048","3.07478","0.773921","2.63196","5.13025","0.73666","-1.86383","-51.0682","42.1265","2.40428"
"2.92","0.0446317","0.664054","3.07484","0.773894","2.6318","5.13026","0.736639","-1.86383","-51.0868","42.1249","2.40375"
"2.93","0.0446215","0.664061","3.07491","0.773866","2.63164","5.13027","0.736618","-1.86383","-51.1055","42.1234","2.40321"
"2.94","0.0446114","0.664068","3.07497","0.773838","2.63148","5.13028","0.736597","-1.86383","-51.1241","42.1218","2.40268"
"2.95","0.0446013","0.664075","3.07503","0.77381","2.63132","5.13028","0.736575","-1.86383","-51.1428","42.1203","2.40215"
"2.96","0.0445915","0.664082","3.07509","0.773782","2.63117","5.13029","0.736554","-1.86383","-51.1614","42.1187","2.40163"
"2.97","0.0445816","0.664089","3.07515","0.773754","2.63101","5.1303","0.736533","-1.86383","-51.18","42.1172","2.40111"
"2.98","0.0445718","0.664095","3.07521","0.773727","2.63085","5.13031","0.736512","-1.86383","-51.1987","42.1156","2.40059"
"2.99","0.0445619","0.664102","3.07527","0.773699","2.63069","5.13032","0.73649","-1.86383","-51.2173","42.1141","2.40007"
"3","0.0445521","0.664109","3.07533","0.773671","2.63053","5.13033","0.736469","-1.86383","-51.2359","42.1126","2.39955"
"3.01","0.0445425","0.664116","3.07539","0.773644","2.63037","5.13034","0.736448","-1.86383","-51.2546","42.111","2.39905"
"3.02","0.0445329","0.664123","3.07545","0.773617","2.63021","5.13035","0.736427","-1.86383","-51.2732","42.1095","2.39854"
"3.03","0.0445233","0.664129","3.07551","0.773591","2.63006","5.13035","0.736405","-1.86383","-51.2919","42.1079","2.39803"
"3.04","0.0445137","0.664136","3.07557","0.773564","2.6299","5.13036","0.736384","-1.86383","-51.3105","42.1064","2.39753"
"3.05","0.0445041","0.664143","3.07563","0.773537","2.62974","5.13037","0.736363","-1.86383","-51.3291","42.1048","2.39702"
"3.06","0.0444948","0.66415","3.07569","0.77351","2.62959","5.13038","0.736342","-1.86383","-51.3478","42.1033","2.39652"
"3.07","0.0444854","0.664157","3.07575","0.773483","2.62943","5.13039","0.73632","-1.86383","-51.3664","42.1017","2.39603"
"3.08","0.0444761","0.664163","3.07581","0.773457","2.62927","5.1304","0.736299","-1.86383","-51.385","42.1002","2.39554"
"3.09","0.0444667","0.664169","3.07587","0.77343","2.62912","5.13041","0.736278","-1.86383","-51.4037","42.0986","2.39504"
"3.1","0.0444574","0.664175","3.07593","0.773403","2.62896","5.13042","0.736257","-1.86383","-51.4223","42.0971","2.39455"
"3.11","0.0444482","0.664181","3.07599","0.773376","2.62881","5.13043","0.736235","-1.86383","-51.441","42.0956","2.39406"
"3.12","0.0444391","0.664187","3.07605","0.77335","2.62865","5.13043","0.736214","-1.86383","-51.4596","42.0941","2.39358"
"3.13","0.04443","0.664194","3.07611","0.773323","2.62849","5.13044","0.736193","-1.86383","-51.4782","42.0926","2.3931"
"3.14","0.0444209","0.6642","3.07617","0.773296","2.62834","5.13045","0.736172","-1.86383","-51.4969","42.0911","2.39262"
"3.15","0.0444117","0.664206","3.07623","0.773269","2.62818","5.13046","0.73615","-1.86383","-51.5155","42.0896","2.39213"
"3.16","0.0444028","0.664212","3.07629","0.773242","2.62802","5.13047","0.736129","-1.86383","-51.5341","42.0881","2.39166"
"3.17","0.0443939","0.664218","3.07635","0.773217","2.62787","5.13048","0.736108","-1.86383","-51.5528","42.0866","2.39119"
"3.18","0.044385","0.664224","3.07641","0.773191","2.62771","5.13049","0.736087","-1.86383","-51.5714","42.0851","2.39072"
"3.19","0.0443761","0.66423","3.07647","0.773165","2.62756","5.1305","0.736065","-1.86383","-51.5901","42.0836","2.39025"
"3.2","0.0443672","0.664237","3.07653","0.773139","2.6274","5.1305","0.736044","-1.86383","-51.6087","42.0821","2.38978"
"3.21","0.0443585","0.664243","3.07659","0.773114","2.62724","5.13051","0.736023","-1.86383","-51.6273","42.0806","2.38932"
"3.22","0.0443498","0.664249","3.07665","0.773088","2.62709","5.13052","0.736002","-1.86383","-51.646","42.0791","2.38886"
"3.23","0.0443411","0.664255","3.07671","0.773062","2.62693","5.13053","0.73598","-1.86383","-51.6646","42.0776","2.3884"
"3.24","0.0443325","0.66426","3.07677","0.773036","2.62677","5.13054","0.735959","-1.86383","-51.6833","42.0761","2.38794"
"3.25","0.0443238","0.664266","3.07682","0.773011","2.62662","5.13055","0.735938","-1.86383","-51.7019","42.0746","2.38748"
"3.26","0.0443153","0.664271","3.07688","0.772985","2.62646","5.13056","0.735917","-1.86383","-51.7205","42.0731","2.38703"
"3.27","0.0443068","0.664277","3.07694","0.772959","2.62631","5.13057","0.735895","-1.86383","-51.7392","42.0716","2.38658"
"3.28","0.0442983","0.664282","3.077","0.772933","2.62615","5.13058","0.735874","-1.86383","-51.7578","42.0701","2.38613"
"3.29","0.0442898","0.664288","3.07705","0.772907","2.626","5.13058","0.735853","-1.86383","-51.7764","42.0687","2.38568"
"3.3","0.0442813","0.664293","3.07711","0.772882","2.62584","5.13059","0.735832","-1.86383","-51.7951","42.0672","2.38523"
"3.31","0.044273","0.664299","3.07717","0.772856","2.62569","5.1306","0.735811","-1.86383","-51.8137","42.0658","2.38479"
"3.32","0.0442647","0.664304","3.07723","0.772831","2.62553","5.13061","0.73579","-1.86383","-51.8324","42.0643","2.38435"
"3.33","0.0442564","0.66431","3.07729","0.772806","2.62538","5.13062","0.735769","-1.86383","-51.851","42.0629","2.38391"
"3.34","0.0442481","0.664315","3.07734","0.772782","2.62523","5.13063","0.735748","-1.86383","-51.8696","42.0614","2.38347"
"3.35","0.0442398","0.664321","3.0774","0.772757","2.62507","5.13064","0.735727","-1.86383","-51.8883","42.06","2.38303"
"3.36","0.0442317","0.664326","3.07746","0.772732","2.62492","5.13065","0.735706","-1.86383","-51.9069","42.0585","2.3826"
"3.37","0.0442236","0.664331","3.07752","0.772707","2.62476","5.13065","0.735685","-1.86383","-51.9255","42.0571","2.38217"
"3.38","0.0442155","0.664337","3.07757","0.772682","2.62461","5.13066","0.735664","-1.86383","-51.9442","42.0556","2.38173"
"3.39","0.0442074","0.664342","3.07763","0.772658","2.62446","5.13067","0.735643","-1.86383","-51.9628","42.0542","2.3813"
"3.4","0.0441993","0.664348","3.07769","0.772633","2.6243","5.13068","0.735622","-1.86383","-51.9815","42.0527","2.38087"
"3.41","0.0441914","0.664353","3.07775","0.772608","2.62415","5.13069","0.735601","-1.86383","-52.0001","42.0513","2.38045"
"3.42","0.0441835","0.664359","3.0778","0.772583","2.62399","5.1307","0.73558","-1.86383","-52.0187","42.0498","2.38003"
"3.43","0.0441755","0.664364","3.07786","0.772558","2.62384","5.1307","0.735559","-1.86383","-52.0374","42.0484","2.37961"
"3.44","0.0441676","0.664369","3.07792","0.772533","2.62369","5.13071","0.735538","-1.86383","-52.056","42.0469","2.37919"
"3.45","0.0441597","0.664374","3.07798","0.772509","2.62353","5.13072","0.735517","-1.86383","-52.0747","42.0455","2.37877"
"3.46","0.0441519","0.664379","3.07804","0.772484","2.62338","5.13073","0.735496","-1.86383","-52.0933","42.044","2.37836"
"3.47","0.0441442","0.664383","3.07809","0.77246","2.62322","5.13074","0.735475","-1.86383","-52.1119","42.0426","2.37795"
"3.48","0.0441364","0.664388","3.07815","0.772436","2.62307","5.13075","0.735454","-1.86383","-52.1306","42.0412","2.37754"
"3.49","0.0441287","0.664393","3.07821","0.772412","2.62292","5.13076","0.735433","-1.86383","-52.1492","42.0398","2.37712"
"3.5","0.0441209","0.664398","3.07826","0.772388","2.62276","5.13076","0.735412","-1.86383","-52.1678","42.0384","2.37671"
"3.51","0.0441134","0.664402","3.07832","0.772365","2.62261","5.13077","0.735391","-1.86383","-52.1865","42.037","2.3763"
"3.52","0.0441058","0.664407","3.07837","0.772341","2.62246","5.13078","0.73537","-1.86383","-52.2051","42.0356","2.3759"
"3.53","0.0440982","0.664412","3.07843","0.772317","2.62231","5.13079","0.735349","-1.86383","-52.2238","42.0342","2.3755"
"3.54","0.0440907","0.664417","3.07849","0.772293","2.62216","5.1308","0.735328","-1.86383","-52.2424","42.0328","2.3751"
"3.55","0.0440831","0.664422","3.07854","0.772269","2.62201","5.13081","0.735307","-1.86383","-52.261","42.0314","2.3747"
"3.56","0.0440755","0.664426","3.0786","0.772245","2.62185","5.13081","0.735286","-1.86383","-52.2797","42.03","2.37429"
"3.57","0.0440681","0.664431","3.07865","0.772221","2.6217","5.13082","0.735265","-1.86383","-52.2983","42.0286","2.3739"
"3.58","0.0440607","0.664436","3.07871","0.772197","2.62155","5.13083","0.735244","-1.86383","-52.3169","42.0271","2.37351"
"3.59","0.0440534","0.664441","3.07876","0.772174","2.6214","5.13084","0.735223","-1.86383","-52.3356","42.0257","2.37311"
"3.6","0.044046","0.664446","3.07882","0.77215","2.62125","5.13085","0.735202","-1.86383","-52.3542","42.0243","2.37272"
"3.61","0.0440386","0.66445","3.07887","0.772126","2.6211","5.13086","0.735181","-1.86383","-52.3729","42.0229","2.37233"
"3.62","0.0440313","0.664455","3.07893","0.772103","2.62094","5.13086","0.73516","-1.86383","-52.3915","42.0215","2.37194"
"3.63","0.0440241","0.66446","3.07899","0.77208","2.62079","5.13087","0.735139","-1.86383","-52.4101","42.0201","2.37156"
"3.64","0.0440169","0.664465","3.07904","0.772057","2.62064","5.13088","0.735118","-1.86383","-52.4288","42.0188","2.37117"
"3.65","0.0440096","0.664469","3.0791","0.772034","2.62049","5.13089","0.735097","-1.86383","-52.4474","42.0174","2.37079"
"3.66","0.0440024","0.664473","3.07915","0.772011","2.62034","5.1309","0.735076","-1.86383","-52.4661","42.0161","2.3704"
"3.67","0.0439953","0.664477","3.07921","0.771988","2.62018","5.13091","0.735055","-1.86383","-52.4847","42.0147","2.37002"
"3.68","0.0439882","0.664481","3.07926","0.771965","2.62003","5.13091","0.735034","-1.86383","-52.5033","42.0133","2.36964"
"3.69","0.0439811","0.664485","3.07932","0.771942","2.61988","5.13092","0.735013","-1.86383","-52.522","42.012","2.36927"
"3.7","0.043974","0.66449","3.07937","0.771919","2.61973","5.13093","0.734992","-1.86383","-52.5406","42.0106","2.36889"
"3.71","0.0439669","0.664494","3.07943","0.771896","2.61958","5.13094","0.734971","-1.86383","-52.5592","42.0093","2.36851"
"3.72","0.04396","0.664498","3.07949","0.771873","2.61943","5.13095","0.73495","-1.86383","-52.5779","42.0079","2.36814"
"3.73","0.043953","0.664502","3.07954","0.77185","2.61927","5.13096","0.734929","-1.86383","-52.5965","42.0065","2.36777"
"3.74","0.0439461","0.664506","3.0796","0.771827","2.61912","5.13096","0.734908","-1.86383","-52.6152","42.0052","2.3674"
"3.75","0.0439392","0.66451","3.07965","0.771804","2.61897","5.13097","0.734887","-1.86383","-52.6338","42.0038","2.36703"
"3.76","0.0439322","0.664514","3.07971","0.771781","2.61882","5.13098","0.734866","-1.86383","-52.6524","42.0025","2.36666"
"3.77","0.0439254","0.664519","3.07976","0.771759","2.61867","5.13099","0.734845","-1.86383","-52.6711","42.0011","2.3663"
"3.78","0.0439186","0.664523","3.07982","0.771737","2.61852","5.131","0.734824","-1.86383","-52.6897","41.9998","2.36593"
"3.79","0.0439118","0.664527","3.07987","0.771715","2.61837","5.13101","0.734803","-1.86383","-52.7083","41.9984","2.36557"
"3.8","0.043905","0.664531","3.07992","0.771693","2.61823","5.13101","0.734782","-1.86383","-52.727","41.997","2.36521"
"3.81","0.0438982","0.664535","3.07998","0.771671","2.61808","5.13102","0.734761","-1.86383","-52.7456","41.9957","2.36484"
"3.82","0.0438915","0.664539","3.08003","0.771649","2.61793","5.13103","0.73474","-1.86383","-52.7643","41.9944","2.36449"
"3.83","0.0438848","0.664543","3.08009","0.771627","2.61778","5.13104","0.734719","-1.86383","-52.7829","41.9931","2.36413"
"3.84","0.0438781","0.664548","3.08014","0.771605","2.61763","5.13105","0.734698","-1.86383","-52.8015","41.9917","2.36377"
"3.85","0.0438715","0.664552","3.08019","0.771583","2.61748","5.13106","0.734677","-1.86383","-52.8202","41.9904","2.36342"
"3.86","0.0438648","0.664556","3.08025","0.771561","2.61733","5.13107","0.734656","-1.86383","-52.8388","41.9891","2.36306"
"3.87","0.0438582","0.66456","3.0803","0.771539","2.61718","5.13107","0.734635","-1.86383","-52.8574","41.9878","2.36271"
"3.88","0.0438517","0.664564","3.08035","0.771516","2.61703","5.13108","0.734614","-1.86383","-52.8761","41.9865","2.36236"
"3.89","0.0438452","0.664568","3.08041","0.771494","2.61688","5.13109","0.734594","-1.86383","-52.8947","41.9852","2.36201"
"3.9","0.0438386","0.664571","3.08046","0.771472","2.61673","5.1311","0.734573","-1.86383","-52.9134","41.9839","2.36166"
"3.91","0.0438321","0.664575","3.08051","0.77145","2.61658","5.13111","0.734552","-1.86383","-52.932","41.9825","2.36131"
"3.92","0.0438256","0.664578","3.08057","0.771428","2.61643","5.13112","0.734531","-1.86383","-52.9506","41.9812","2.36097"
"3.93","0.0438192","0.664582","3.08062","0.771407","2.61628","5.13112","0.73451","-1.86383","-52.9693","41.9799","2.36063"
"3.94","0.0438128","0.664585","3.08067","0.771386","2.61613","5.13113","0.734489","-1.86383","-52.9879","41.9786","2.36029"
"3.95","0.0438064","0.664589","3.08073","0.771365","2.61598","5.13114","0.734468","-1.86383","-53.0066","41.9773","2.35994"
"3.96","0.0438","0.664593","3.08078","0.771343","2.61583","5.13115","0.734448","-1.86383","-53.0252","41.976","2.3596"
"3.97","0.0437937","0.664596","3.08083","0.771322","2.61568","5.13116","0.734427","-1.86383","-53.0438","41.9747","2.35926"
"3.98","0.0437874","0.6646","3.08089","0.771301","2.61553","5.13117","0.734406","-1.86383","-53.0625","41.9734","2.35892"
"3.99","0.0437811","0.664603","3.08094","0.77128","2.61539","5.13117","0.734385","-1.86383","-53.0811","41.9721","2.35859"
"4","0.0437748","0.664607","3.08099","0.771259","2.61524","5.13118","0.734364","-1.86383","-53.0997","41.9708","2.35825"
"4.01","0.0437685","0.66461","3.08105","0.771238","2.61509","5.13119","0.734343","-1.86383","-53.1184","41.9696","2.35792"
"4.02","0.0437622","0.664614","3.0811","0.771216","2.61494","5.1312","0.734322","-1.86383","-53.137","41.9683","2.35758"
"4.03","0.0437561","0.664617","3.08116","0.771195","2.6148","5.13121","0.734301","-1.86383","-53.1557","41.967","2.35725"
"4.04","0.0437499","0.664621","3.08121","0.771174","2.61465","5.13122","0.734281","-1.86383","-53.1743","41.9658","2.35692"
"4.05","0.0437437","0.664625","3.08126","0.771153","2.6145","5.13122","0.73426","-1.86383","-53.1929","41.9645","2.35659"
"4.06","0.0437376","0.664628","3.08131","0.771132","2.61436","5.13123","0.734239","-1.86383","-53.2116","41.9632","2.35626"
"4.07","0.0437314","0.664632","3.08137","0.77111","2.61421","5.13124","0.734218","-1.86383","-53.2302","41.962","2.35593"
"4.08","0.0437254","0.664635","3.08142","0.77109","2.61406","5.13125","0.734197","-1.86383","-53.2488","41.9607","2.35561"
"4.09","0.0437193","0.664639","3.08147","0.77107","2.61391","5.13126","0.734176","-1.86383","-53.2675","41.9594","2.35529"
"4.1","0.0437133","0.664642","3.08152","0.771049","2.61377","5.13127","0.734155","-1.86383","-53.2861","41.9582","2.35496"
"4.11","0.0437072","0.664646","3.08157","0.771029","2.61362","5.13127","0.734135","-1.86383","-53.3048","41.9569","2.35464"
"4.12","0.0437012","0.664649","3.08162","0.771009","2.61347","5.13128","0.734114","-1.86383","-53.3234","41.9556","2.35432"
"4.13","0.0436952","0.664653","3.08167","0.770988","2.61332","5.13129","0.734093","-1.86383","-53.342","41.9544","2.354"
"4.14","0.0436893","0.664656","3.08173","0.770968","2.61318","5.1313","0.734072","-1.86383","-53.3607","41.9531","2.35368"
"4.15","0.0436833","0.664659","3.08178","0.770948","2.61303","5.13131","0.734051","-1.86383","-53.3793","41.9518","2.35336"
"4.16","0.0436774","0.664662","3.08183","0.770927","2.61288","5.13132","0.73403","-1.86383","-53.398","41.9506","2.35304"
"4.17","0.0436714","0.664665","3.08188","0.770907","2.61274","5.13132","0.734009","-1.86383","-53.4166","41.9493","2.35273"
"4.18","0.0436656","0.664668","3.08193","0.770886","2.61259","5.13133","0.733988","-1.86383","-53.4352","41.9481","2.35241"
"4.19","0.0436598","0.664671","3.08198","0.770866","2.61244","5.13134","0.733968","-1.86383","-53.4539","41.9468","2.3521"
"4.2","0.0436539","0.664674","3.08203","0.770846","2.61229","5.13135","0.733947","-1.86383","-53.4725","41.9456","2.35179"
"4.21","0.0436481","0.664677","3.08209","0.770825","2.61215","5.13136","0.733926","-1.86383","-53.4911","41.9444","2.35148"
"4.22","0.0436423","0.66468","3.08214","0.770805","2.612","5.13137","0.733905","-1.86383","-53.5098","41.9432","2.35116"
"4.23","0.0436365","0.664683","3.08219","0.770785","2.61185","5.13137","0.733884","-1.86383","-53.5284","41.942","2.35086"
"4.24","0.0436308","0.664686","3.08224","0.770766","2.61171","5.13138","0.733863","-1.86383","-53.5471","41.9407","2.35055"
"4.25","0.043625","0.664689","3.08229","0.770746","2.61156","5.13139","0.733842","-1.86383","-53.5657","41.9395","2.35024"
"4.26","0.0436193","0.664692","3.08234","0.770727","2.61141","5.1314","0.733822","-1.86383","-53.5843","41.9383","2.34993"
"4.27","0.0436136","0.664695","3.0824","0.770707","2.61127","5.13141","0.733801","-1.86383","-53.603","41.9371","2.34963"
"4.28","0.0436079","0.664698","3.08245","0.770688","2.61112","5.13142","0.73378","-1.86383","-53.6216","41.9359","2.34932"
"4.29","0.0436023","0.664701","3.0825","0.770668","2.61098","5.13143","0.733759","-1.86383","-53.6402","41.9346","2.34902"
"4.3","0.0435967","0.664704","3.08255","0.770649","2.61083","5.13143","0.733738","-1.86383","-53.6589","41.9334","2.34872"
"4.31","0.043591","0.664707","3.0826","0.770629","2.61069","5.13144","0.733717","-1.86383","-53.6775","41.9322","2.34842"
"4.32","0.0435854","0.66471","3.08265","0.77061","2.61054","5.13145","0.733696","-1.86383","-53.6962","41.931","2.34812"
"4.33","0.0435798","0.664713","3.0827","0.77059","2.6104","5.13146","0.733676","-1.86383","-53.7148","41.9298","2.34782"
"4.34","0.0435743","0.664716","3.08276","0.77057","2.61025","5.13147","0.733655","-1.86383","-53.7334","41.9285","2.34752"
"4.35","0.0435688","0.664719","3.08281","0.770551","2.61011","5.13148","0.733634","-1.86383","-53.7521","41.9274","2.34723"
"4.36","0.0435632","0.664722","3.08286","0.770531","2.60996","5.13148","0.733613","-1.86383","-53.7707","41.9262","2.34693"
"4.37","0.0435577","0.664725","3.08291","0.770512","2.60982","5.13149","0.733592","-1.86383","-53.7894","41.925","2.34663"
"4.38","0.0435522","0.664728","3.08296","0.770492","2.60967","5.1315","0.733571","-1.86383","-53.808","41.9238","2.34634"
"4.39","0.0435468","0.664731","3.08301","0.770473","2.60953","5.13151","0.73355","-1.86383","-53.8266","41.9227","2.34605"
"4.4","0.0435413","0.664734","3.08306","0.770454","2.60938","5.13152","0.733529","-1.86383","-53.8453","41.9215","2.34576"
"4.41","0.0435359","0.664737","3.08311","0.770435","2.60924","5.13153","0.733509","-1.86383","-53.8639","41.9203","2.34547"
"4.42","0.0435304","0.66474","3.08316","0.770416","2.60909","5.13153","0.733488","-1.86383","-53.8825","41.9191","2.34518"
"4.43","0.043525","0.664743","3.08321","0.770397","2.60895","5.13154","0.733467","-1.86383","-53.9012","41.918","2.34489"
"4.44","0.0435197","0.664745","3.08326","0.770378","2.6088","5.13155","0.733446","-1.86383","-53.9198","41.9168","2.3446"
"4.45","0.0435144","0.664748","3.08331","0.770359","2.60866","5.13156","0.733425","-1.86383","-53.9385","41.9156","2.34431"
"4.46","0.043509","0.664751","3.08336","0.77034","2.60851","5.13157","0.733404","-1.86383","-53.9571","41.9144","2.34402"
"4.47","0.0435037","0.664754","3.08341","0.770321","2.60837","5.13158","0.733383","-1.86383","-53.9757","41.9133","2.34374"
"4.48","0.0434984","0.664757","3.08346","0.770302","2.60822","5.13158","0.733363","-1.86383","-53.9944","41.9121","2.34345"
"4.49","0.0434931","0.664759","3.08351","0.770283","2.60808","5.13159","0.733342","-1.86383","-54.013","41.9109","2.34317"
"4.5","0.0434878","0.664762","3.08356","0.770264","2.60793","5.1316","0.733321","-1.86383","-54.0316","41.9097","2.34289"
"4.51","0.0434825","0.664765","3.08361","0.770245","2.60779","5.13161","0.7333","-1.86383","-54.0503","41.9086","2.3426"
"4.52","0.0434773","0.664768","3.08366","0.770225","2.60765","5.13162","0.733279","-1.86383","-54.0689","41.9074","2.34232"
"4.53","0.043472","0.66477","3.08371","0.770206","2.6075","5.13163","0.733258","-1.86383","-54.0876","41.9062","2.34204"
"4.54","0.0434668","0.664773","3.08377","0.770187","2.60736","5.13163","0.733237","-1.86383","-54.1062","41.905","2.34176"
"4.55","0.0434615","0.664776","3.08382","0.770168","2.60721","5.13164","0.733216","-1.86383","-54.1248","41.9039","2.34148"
"4.56","0.0434563","0.664779","3.08387","0.770149","2.60707","5.13165","0.733196","-1.86383","-54.1435","41.9027","2.3412"
